<?xml version="1.0" encoding="UTF-8"?>
<kml xmlns="http://www.opengis.net/kml/2.2" xmlns:gx="http://www.google.com/kml/ext/2.2" xmlns:kml="http://www.opengis.net/kml/2.2" xmlns:atom="http://www.w3.org/2005/Atom">
<Folder>
	<name>Armadillo Flats</name>
	<open>1</open>
	<Document>
		<name>Armadillo_Flats_004.csv</name>
		<Schema name="Armadillo_Flats_004" id="S_Armadillo_Flats_004_SISDDSDD">
			<SimpleField type="string" name="tag"><displayName>&lt;b&gt;tag&lt;/b&gt;</displayName>
</SimpleField>
			<SimpleField type="int" name="turbine_id"><displayName>&lt;b&gt;turbine_id&lt;/b&gt;</displayName>
</SimpleField>
			<SimpleField type="string" name="project"><displayName>&lt;b&gt;project&lt;/b&gt;</displayName>
</SimpleField>
			<SimpleField type="double" name="hub_height__m_"><displayName>&lt;b&gt;hub height (m)&lt;/b&gt;</displayName>
</SimpleField>
			<SimpleField type="double" name="rotor_diameter__m_"><displayName>&lt;b&gt;rotor diameter (m)&lt;/b&gt;</displayName>
</SimpleField>
			<SimpleField type="string" name="turbine_model"><displayName>&lt;b&gt;turbine model&lt;/b&gt;</displayName>
</SimpleField>
			<SimpleField type="double" name="xlong"><displayName>&lt;b&gt;xlong&lt;/b&gt;</displayName>
</SimpleField>
			<SimpleField type="double" name="ylat"><displayName>&lt;b&gt;ylat&lt;/b&gt;</displayName>
</SimpleField>
		</Schema>
		<Style id="hlightPointStyle3">
			<IconStyle>
				<color>ff000000</color>
				<scale>0.8</scale>
				<Icon>
					<href>files/blackdot_1_0_0_0_1_0.png</href>
				</Icon>
				<hotSpot x="0.5" y="0.5" xunits="fraction" yunits="fraction"/>
			</IconStyle>
			<BalloonStyle>
				<text><![CDATA[<table border="0">
  <tr><td><b>tag</b></td><td>$[Blackwell/tag]</td></tr>
  <tr><td><b>turbine_id</b></td><td>$[Blackwell/turbine_id]</td></tr>
  <tr><td><b>project</b></td><td>$[Blackwell/project]</td></tr>
  <tr><td><b>hub height (m)</b></td><td>$[Blackwell/hub_height__m_]</td></tr>
  <tr><td><b>rotor diameter (m)</b></td><td>$[Blackwell/rotor_diameter__m_]</td></tr>
  <tr><td><b>turbine model</b></td><td>$[Blackwell/turbine_model]</td></tr>
  <tr><td><b>xlong</b></td><td>$[Blackwell/xlong]</td></tr>
  <tr><td><b>ylat</b></td><td>$[Blackwell/ylat]</td></tr>
</table>]]></text>
			</BalloonStyle>
		</Style>
		<Style id="normPointStyle3">
			<IconStyle>
				<color>ff000000</color>
				<scale>0.8</scale>
				<Icon>
					<href>files/blackdot_1_0_0_0_1_0.png</href>
				</Icon>
				<hotSpot x="0.5" y="0.5" xunits="fraction" yunits="fraction"/>
			</IconStyle>
			<BalloonStyle>
				<text><![CDATA[<table border="0">
  <tr><td><b>tag</b></td><td>$[Blackwell/tag]</td></tr>
  <tr><td><b>turbine_id</b></td><td>$[Blackwell/turbine_id]</td></tr>
  <tr><td><b>project</b></td><td>$[Blackwell/project]</td></tr>
  <tr><td><b>hub height (m)</b></td><td>$[Blackwell/hub_height__m_]</td></tr>
  <tr><td><b>rotor diameter (m)</b></td><td>$[Blackwell/rotor_diameter__m_]</td></tr>
  <tr><td><b>turbine model</b></td><td>$[Blackwell/turbine_model]</td></tr>
  <tr><td><b>xlong</b></td><td>$[Blackwell/xlong]</td></tr>
  <tr><td><b>ylat</b></td><td>$[Blackwell/ylat]</td></tr>
</table>]]></text>
			</BalloonStyle>
		</Style>
		<StyleMap id="pointStyleMap3">
			<Pair>
				<key>normal</key>
				<styleUrl>#normPointStyle3</styleUrl>
			</Pair>
			<Pair>
				<key>highlight</key>
				<styleUrl>#hlightPointStyle3</styleUrl>
			</Pair>
		</StyleMap>
		<Folder id="layer 0">
			<name>Armadillo_Flats_004</name>
			<Placemark>
				<styleUrl>#pointStyleMap3</styleUrl>
				<ExtendedData>
					<SchemaData schemaUrl="#S_Armadillo_Flats_004_SISDDSDD">
						<SimpleData name="tag">Armadillo_Flats</SimpleData>
						<SimpleData name="turbine_id">3089616</SimpleData>
						<SimpleData name="project">unknown Garfield County</SimpleData>
						<SimpleData name="hub_height__m_">0</SimpleData>
						<SimpleData name="rotor_diameter__m_">0</SimpleData>
						<SimpleData name="turbine_model"></SimpleData>
						<SimpleData name="xlong">-97.5073</SimpleData>
						<SimpleData name="ylat">36.2439</SimpleData>
					</SchemaData>
				</ExtendedData>
				<Point>
					<coordinates>-97.507256,36.24391199999999,0</coordinates>
				</Point>
			</Placemark>
			<Placemark>
				<styleUrl>#pointStyleMap3</styleUrl>
				<ExtendedData>
					<SchemaData schemaUrl="#S_Armadillo_Flats_004_SISDDSDD">
						<SimpleData name="tag"></SimpleData>
						<SimpleData name="turbine_id">3088883</SimpleData>
						<SimpleData name="project">unknown Garfield County</SimpleData>
						<SimpleData name="hub_height__m_">0</SimpleData>
						<SimpleData name="rotor_diameter__m_">0</SimpleData>
						<SimpleData name="turbine_model"></SimpleData>
						<SimpleData name="xlong">-97.5118</SimpleData>
						<SimpleData name="ylat">36.2439</SimpleData>
					</SchemaData>
				</ExtendedData>
				<Point>
					<coordinates>-97.51177199999999,36.24393800000001,0</coordinates>
				</Point>
			</Placemark>
			<Placemark>
				<styleUrl>#pointStyleMap3</styleUrl>
				<ExtendedData>
					<SchemaData schemaUrl="#S_Armadillo_Flats_004_SISDDSDD">
						<SimpleData name="tag"></SimpleData>
						<SimpleData name="turbine_id">3089512</SimpleData>
						<SimpleData name="project">unknown Garfield County</SimpleData>
						<SimpleData name="hub_height__m_">0</SimpleData>
						<SimpleData name="rotor_diameter__m_">0</SimpleData>
						<SimpleData name="turbine_model"></SimpleData>
						<SimpleData name="xlong">-97.5039</SimpleData>
						<SimpleData name="ylat">36.2484</SimpleData>
					</SchemaData>
				</ExtendedData>
				<Point>
					<coordinates>-97.50387600000001,36.24840900000001,0</coordinates>
				</Point>
			</Placemark>
			<Placemark>
				<styleUrl>#pointStyleMap3</styleUrl>
				<ExtendedData>
					<SchemaData schemaUrl="#S_Armadillo_Flats_004_SISDDSDD">
						<SimpleData name="tag"></SimpleData>
						<SimpleData name="turbine_id">3089349</SimpleData>
						<SimpleData name="project">unknown Garfield County</SimpleData>
						<SimpleData name="hub_height__m_">0</SimpleData>
						<SimpleData name="rotor_diameter__m_">0</SimpleData>
						<SimpleData name="turbine_model"></SimpleData>
						<SimpleData name="xlong">-97.4995</SimpleData>
						<SimpleData name="ylat">36.2486</SimpleData>
					</SchemaData>
				</ExtendedData>
				<Point>
					<coordinates>-97.499489,36.24858899999999,0</coordinates>
				</Point>
			</Placemark>
			<Placemark>
				<styleUrl>#pointStyleMap3</styleUrl>
				<ExtendedData>
					<SchemaData schemaUrl="#S_Armadillo_Flats_004_SISDDSDD">
						<SimpleData name="tag"></SimpleData>
						<SimpleData name="turbine_id">3088577</SimpleData>
						<SimpleData name="project">unknown Garfield County</SimpleData>
						<SimpleData name="hub_height__m_">0</SimpleData>
						<SimpleData name="rotor_diameter__m_">0</SimpleData>
						<SimpleData name="turbine_model"></SimpleData>
						<SimpleData name="xlong">-97.592</SimpleData>
						<SimpleData name="ylat">36.2629</SimpleData>
					</SchemaData>
				</ExtendedData>
				<Point>
					<coordinates>-97.59203299999999,36.262871,0</coordinates>
				</Point>
			</Placemark>
			<Placemark>
				<styleUrl>#pointStyleMap3</styleUrl>
				<ExtendedData>
					<SchemaData schemaUrl="#S_Armadillo_Flats_004_SISDDSDD">
						<SimpleData name="tag"></SimpleData>
						<SimpleData name="turbine_id">3089204</SimpleData>
						<SimpleData name="project">unknown Garfield County</SimpleData>
						<SimpleData name="hub_height__m_">0</SimpleData>
						<SimpleData name="rotor_diameter__m_">0</SimpleData>
						<SimpleData name="turbine_model"></SimpleData>
						<SimpleData name="xlong">-97.5793</SimpleData>
						<SimpleData name="ylat">36.2645</SimpleData>
					</SchemaData>
				</ExtendedData>
				<Point>
					<coordinates>-97.579346,36.26450000000001,0</coordinates>
				</Point>
			</Placemark>
			<Placemark>
				<styleUrl>#pointStyleMap3</styleUrl>
				<ExtendedData>
					<SchemaData schemaUrl="#S_Armadillo_Flats_004_SISDDSDD">
						<SimpleData name="tag"></SimpleData>
						<SimpleData name="turbine_id">3088576</SimpleData>
						<SimpleData name="project">unknown Garfield County</SimpleData>
						<SimpleData name="hub_height__m_">0</SimpleData>
						<SimpleData name="rotor_diameter__m_">0</SimpleData>
						<SimpleData name="turbine_model"></SimpleData>
						<SimpleData name="xlong">-97.5961</SimpleData>
						<SimpleData name="ylat">36.2659</SimpleData>
					</SchemaData>
				</ExtendedData>
				<Point>
					<coordinates>-97.596085,36.26585800000002,0</coordinates>
				</Point>
			</Placemark>
			<Placemark>
				<styleUrl>#pointStyleMap3</styleUrl>
				<ExtendedData>
					<SchemaData schemaUrl="#S_Armadillo_Flats_004_SISDDSDD">
						<SimpleData name="tag"></SimpleData>
						<SimpleData name="turbine_id">3089517</SimpleData>
						<SimpleData name="project">unknown Garfield County</SimpleData>
						<SimpleData name="hub_height__m_">0</SimpleData>
						<SimpleData name="rotor_diameter__m_">0</SimpleData>
						<SimpleData name="turbine_model"></SimpleData>
						<SimpleData name="xlong">-97.5816</SimpleData>
						<SimpleData name="ylat">36.2719</SimpleData>
					</SchemaData>
				</ExtendedData>
				<Point>
					<coordinates>-97.581566,36.27189299999999,0</coordinates>
				</Point>
			</Placemark>
			<Placemark>
				<styleUrl>#pointStyleMap3</styleUrl>
				<ExtendedData>
					<SchemaData schemaUrl="#S_Armadillo_Flats_004_SISDDSDD">
						<SimpleData name="tag"></SimpleData>
						<SimpleData name="turbine_id">3088579</SimpleData>
						<SimpleData name="project">unknown Garfield County</SimpleData>
						<SimpleData name="hub_height__m_">0</SimpleData>
						<SimpleData name="rotor_diameter__m_">0</SimpleData>
						<SimpleData name="turbine_model"></SimpleData>
						<SimpleData name="xlong">-97.5747</SimpleData>
						<SimpleData name="ylat">36.2764</SimpleData>
					</SchemaData>
				</ExtendedData>
				<Point>
					<coordinates>-97.574699,36.27640500000002,0</coordinates>
				</Point>
			</Placemark>
			<Placemark>
				<styleUrl>#pointStyleMap3</styleUrl>
				<ExtendedData>
					<SchemaData schemaUrl="#S_Armadillo_Flats_004_SISDDSDD">
						<SimpleData name="tag"></SimpleData>
						<SimpleData name="turbine_id">3088581</SimpleData>
						<SimpleData name="project">unknown Garfield County</SimpleData>
						<SimpleData name="hub_height__m_">0</SimpleData>
						<SimpleData name="rotor_diameter__m_">0</SimpleData>
						<SimpleData name="turbine_model"></SimpleData>
						<SimpleData name="xlong">-97.5619</SimpleData>
						<SimpleData name="ylat">36.2785</SimpleData>
					</SchemaData>
				</ExtendedData>
				<Point>
					<coordinates>-97.56188999999999,36.27850299999999,0</coordinates>
				</Point>
			</Placemark>
			<Placemark>
				<styleUrl>#pointStyleMap3</styleUrl>
				<ExtendedData>
					<SchemaData schemaUrl="#S_Armadillo_Flats_004_SISDDSDD">
						<SimpleData name="tag"></SimpleData>
						<SimpleData name="turbine_id">3088580</SimpleData>
						<SimpleData name="project">unknown Garfield County</SimpleData>
						<SimpleData name="hub_height__m_">0</SimpleData>
						<SimpleData name="rotor_diameter__m_">0</SimpleData>
						<SimpleData name="turbine_model"></SimpleData>
						<SimpleData name="xlong">-97.5663</SimpleData>
						<SimpleData name="ylat">36.2794</SimpleData>
					</SchemaData>
				</ExtendedData>
				<Point>
					<coordinates>-97.566315,36.27940399999999,0</coordinates>
				</Point>
			</Placemark>
			<Placemark>
				<styleUrl>#pointStyleMap3</styleUrl>
				<ExtendedData>
					<SchemaData schemaUrl="#S_Armadillo_Flats_004_SISDDSDD">
						<SimpleData name="tag"></SimpleData>
						<SimpleData name="turbine_id">3089166</SimpleData>
						<SimpleData name="project">unknown Garfield County</SimpleData>
						<SimpleData name="hub_height__m_">0</SimpleData>
						<SimpleData name="rotor_diameter__m_">0</SimpleData>
						<SimpleData name="turbine_model"></SimpleData>
						<SimpleData name="xlong">-97.5911</SimpleData>
						<SimpleData name="ylat">36.2794</SimpleData>
					</SchemaData>
				</ExtendedData>
				<Point>
					<coordinates>-97.59108700000002,36.27941499999999,0</coordinates>
				</Point>
			</Placemark>
			<Placemark>
				<styleUrl>#pointStyleMap3</styleUrl>
				<ExtendedData>
					<SchemaData schemaUrl="#S_Armadillo_Flats_004_SISDDSDD">
						<SimpleData name="tag"></SimpleData>
						<SimpleData name="turbine_id">3089520</SimpleData>
						<SimpleData name="project">unknown Garfield County</SimpleData>
						<SimpleData name="hub_height__m_">0</SimpleData>
						<SimpleData name="rotor_diameter__m_">0</SimpleData>
						<SimpleData name="turbine_model"></SimpleData>
						<SimpleData name="xlong">-97.6006</SimpleData>
						<SimpleData name="ylat">36.2794</SimpleData>
					</SchemaData>
				</ExtendedData>
				<Point>
					<coordinates>-97.600632,36.27942699999998,0</coordinates>
				</Point>
			</Placemark>
			<Placemark>
				<styleUrl>#pointStyleMap3</styleUrl>
				<ExtendedData>
					<SchemaData schemaUrl="#S_Armadillo_Flats_004_SISDDSDD">
						<SimpleData name="tag"></SimpleData>
						<SimpleData name="turbine_id">3089519</SimpleData>
						<SimpleData name="project">unknown Garfield County</SimpleData>
						<SimpleData name="hub_height__m_">0</SimpleData>
						<SimpleData name="rotor_diameter__m_">0</SimpleData>
						<SimpleData name="turbine_model"></SimpleData>
						<SimpleData name="xlong">-97.596</SimpleData>
						<SimpleData name="ylat">36.2803</SimpleData>
					</SchemaData>
				</ExtendedData>
				<Point>
					<coordinates>-97.59596999999999,36.28027700000001,0</coordinates>
				</Point>
			</Placemark>
			<Placemark>
				<styleUrl>#pointStyleMap3</styleUrl>
				<ExtendedData>
					<SchemaData schemaUrl="#S_Armadillo_Flats_004_SISDDSDD">
						<SimpleData name="tag"></SimpleData>
						<SimpleData name="turbine_id">3089635</SimpleData>
						<SimpleData name="project">unknown Garfield County</SimpleData>
						<SimpleData name="hub_height__m_">0</SimpleData>
						<SimpleData name="rotor_diameter__m_">0</SimpleData>
						<SimpleData name="turbine_model"></SimpleData>
						<SimpleData name="xlong">-97.6059</SimpleData>
						<SimpleData name="ylat">36.2836</SimpleData>
					</SchemaData>
				</ExtendedData>
				<Point>
					<coordinates>-97.60594900000001,36.283554,0</coordinates>
				</Point>
			</Placemark>
			<Placemark>
				<styleUrl>#pointStyleMap3</styleUrl>
				<ExtendedData>
					<SchemaData schemaUrl="#S_Armadillo_Flats_004_SISDDSDD">
						<SimpleData name="tag"></SimpleData>
						<SimpleData name="turbine_id">3089521</SimpleData>
						<SimpleData name="project">unknown Garfield County</SimpleData>
						<SimpleData name="hub_height__m_">0</SimpleData>
						<SimpleData name="rotor_diameter__m_">0</SimpleData>
						<SimpleData name="turbine_model"></SimpleData>
						<SimpleData name="xlong">-97.6289</SimpleData>
						<SimpleData name="ylat">36.2844</SimpleData>
					</SchemaData>
				</ExtendedData>
				<Point>
					<coordinates>-97.62885300000001,36.28441599999998,0</coordinates>
				</Point>
			</Placemark>
			<Placemark>
				<styleUrl>#pointStyleMap3</styleUrl>
				<ExtendedData>
					<SchemaData schemaUrl="#S_Armadillo_Flats_004_SISDDSDD">
						<SimpleData name="tag"></SimpleData>
						<SimpleData name="turbine_id">3089790</SimpleData>
						<SimpleData name="project">unknown Garfield County</SimpleData>
						<SimpleData name="hub_height__m_">0</SimpleData>
						<SimpleData name="rotor_diameter__m_">0</SimpleData>
						<SimpleData name="turbine_model"></SimpleData>
						<SimpleData name="xlong">-97.6193</SimpleData>
						<SimpleData name="ylat">36.2849</SimpleData>
					</SchemaData>
				</ExtendedData>
				<Point>
					<coordinates>-97.619331,36.28486600000001,0</coordinates>
				</Point>
			</Placemark>
			<Placemark>
				<styleUrl>#pointStyleMap3</styleUrl>
				<ExtendedData>
					<SchemaData schemaUrl="#S_Armadillo_Flats_004_SISDDSDD">
						<SimpleData name="tag"></SimpleData>
						<SimpleData name="turbine_id">3088642</SimpleData>
						<SimpleData name="project">unknown Garfield County</SimpleData>
						<SimpleData name="hub_height__m_">0</SimpleData>
						<SimpleData name="rotor_diameter__m_">0</SimpleData>
						<SimpleData name="turbine_model"></SimpleData>
						<SimpleData name="xlong">-97.6148</SimpleData>
						<SimpleData name="ylat">36.2849</SimpleData>
					</SchemaData>
				</ExtendedData>
				<Point>
					<coordinates>-97.614799,36.28486600000001,0</coordinates>
				</Point>
			</Placemark>
			<Placemark>
				<styleUrl>#pointStyleMap3</styleUrl>
				<ExtendedData>
					<SchemaData schemaUrl="#S_Armadillo_Flats_004_SISDDSDD">
						<SimpleData name="tag"></SimpleData>
						<SimpleData name="turbine_id">3089590</SimpleData>
						<SimpleData name="project">unknown Garfield County</SimpleData>
						<SimpleData name="hub_height__m_">0</SimpleData>
						<SimpleData name="rotor_diameter__m_">0</SimpleData>
						<SimpleData name="turbine_model"></SimpleData>
						<SimpleData name="xlong">-97.6109</SimpleData>
						<SimpleData name="ylat">36.286</SimpleData>
					</SchemaData>
				</ExtendedData>
				<Point>
					<coordinates>-97.610901,36.28595699999999,0</coordinates>
				</Point>
			</Placemark>
			<Placemark>
				<styleUrl>#pointStyleMap3</styleUrl>
				<ExtendedData>
					<SchemaData schemaUrl="#S_Armadillo_Flats_004_SISDDSDD">
						<SimpleData name="tag"></SimpleData>
						<SimpleData name="turbine_id">3088578</SimpleData>
						<SimpleData name="project">unknown Garfield County</SimpleData>
						<SimpleData name="hub_height__m_">0</SimpleData>
						<SimpleData name="rotor_diameter__m_">0</SimpleData>
						<SimpleData name="turbine_model"></SimpleData>
						<SimpleData name="xlong">-97.56</SimpleData>
						<SimpleData name="ylat">36.2865</SimpleData>
					</SchemaData>
				</ExtendedData>
				<Point>
					<coordinates>-97.559952,36.28652999999999,0</coordinates>
				</Point>
			</Placemark>
			<Placemark>
				<styleUrl>#pointStyleMap3</styleUrl>
				<ExtendedData>
					<SchemaData schemaUrl="#S_Armadillo_Flats_004_SISDDSDD">
						<SimpleData name="tag"></SimpleData>
						<SimpleData name="turbine_id">3089045</SimpleData>
						<SimpleData name="project">unknown Garfield County</SimpleData>
						<SimpleData name="hub_height__m_">0</SimpleData>
						<SimpleData name="rotor_diameter__m_">0</SimpleData>
						<SimpleData name="turbine_model"></SimpleData>
						<SimpleData name="xlong">-97.629</SimpleData>
						<SimpleData name="ylat">36.2941</SimpleData>
					</SchemaData>
				</ExtendedData>
				<Point>
					<coordinates>-97.628998,36.29410600000001,0</coordinates>
				</Point>
			</Placemark>
			<Placemark>
				<styleUrl>#pointStyleMap3</styleUrl>
				<ExtendedData>
					<SchemaData schemaUrl="#S_Armadillo_Flats_004_SISDDSDD">
						<SimpleData name="tag"></SimpleData>
						<SimpleData name="turbine_id">3088869</SimpleData>
						<SimpleData name="project">unknown Garfield County</SimpleData>
						<SimpleData name="hub_height__m_">0</SimpleData>
						<SimpleData name="rotor_diameter__m_">0</SimpleData>
						<SimpleData name="turbine_model"></SimpleData>
						<SimpleData name="xlong">-97.6281</SimpleData>
						<SimpleData name="ylat">36.3012</SimpleData>
					</SchemaData>
				</ExtendedData>
				<Point>
					<coordinates>-97.62814299999999,36.30124699999998,0</coordinates>
				</Point>
			</Placemark>
		</Folder>
	</Document>
	<Document>
		<name>Armadillo_Flats_003.csv</name>
		<Schema name="Armadillo_Flats_003" id="S_Armadillo_Flats_003_SISDDSDD">
			<SimpleField type="string" name="tag"><displayName>&lt;b&gt;tag&lt;/b&gt;</displayName>
</SimpleField>
			<SimpleField type="int" name="turbine_id"><displayName>&lt;b&gt;turbine_id&lt;/b&gt;</displayName>
</SimpleField>
			<SimpleField type="string" name="project"><displayName>&lt;b&gt;project&lt;/b&gt;</displayName>
</SimpleField>
			<SimpleField type="double" name="hub_height__m_"><displayName>&lt;b&gt;hub height (m)&lt;/b&gt;</displayName>
</SimpleField>
			<SimpleField type="double" name="rotor_diameter__m_"><displayName>&lt;b&gt;rotor diameter (m)&lt;/b&gt;</displayName>
</SimpleField>
			<SimpleField type="string" name="turbine_model"><displayName>&lt;b&gt;turbine model&lt;/b&gt;</displayName>
</SimpleField>
			<SimpleField type="double" name="xlong"><displayName>&lt;b&gt;xlong&lt;/b&gt;</displayName>
</SimpleField>
			<SimpleField type="double" name="ylat"><displayName>&lt;b&gt;ylat&lt;/b&gt;</displayName>
</SimpleField>
		</Schema>
		<Style id="hlightPointStyle4">
			<IconStyle>
				<color>ff000000</color>
				<scale>0.8</scale>
				<Icon>
					<href>files/blackdot_1_0_0_0_1_0.png</href>
				</Icon>
				<hotSpot x="0.5" y="0.5" xunits="fraction" yunits="fraction"/>
			</IconStyle>
			<BalloonStyle>
				<text><![CDATA[<table border="0">
  <tr><td><b>tag</b></td><td>$[Blackwell/tag]</td></tr>
  <tr><td><b>turbine_id</b></td><td>$[Blackwell/turbine_id]</td></tr>
  <tr><td><b>project</b></td><td>$[Blackwell/project]</td></tr>
  <tr><td><b>hub height (m)</b></td><td>$[Blackwell/hub_height__m_]</td></tr>
  <tr><td><b>rotor diameter (m)</b></td><td>$[Blackwell/rotor_diameter__m_]</td></tr>
  <tr><td><b>turbine model</b></td><td>$[Blackwell/turbine_model]</td></tr>
  <tr><td><b>xlong</b></td><td>$[Blackwell/xlong]</td></tr>
  <tr><td><b>ylat</b></td><td>$[Blackwell/ylat]</td></tr>
</table>]]></text>
			</BalloonStyle>
		</Style>
		<Style id="normPointStyle4">
			<IconStyle>
				<color>ff000000</color>
				<scale>0.8</scale>
				<Icon>
					<href>files/blackdot_1_0_0_0_1_0.png</href>
				</Icon>
				<hotSpot x="0.5" y="0.5" xunits="fraction" yunits="fraction"/>
			</IconStyle>
			<BalloonStyle>
				<text><![CDATA[<table border="0">
  <tr><td><b>tag</b></td><td>$[Blackwell/tag]</td></tr>
  <tr><td><b>turbine_id</b></td><td>$[Blackwell/turbine_id]</td></tr>
  <tr><td><b>project</b></td><td>$[Blackwell/project]</td></tr>
  <tr><td><b>hub height (m)</b></td><td>$[Blackwell/hub_height__m_]</td></tr>
  <tr><td><b>rotor diameter (m)</b></td><td>$[Blackwell/rotor_diameter__m_]</td></tr>
  <tr><td><b>turbine model</b></td><td>$[Blackwell/turbine_model]</td></tr>
  <tr><td><b>xlong</b></td><td>$[Blackwell/xlong]</td></tr>
  <tr><td><b>ylat</b></td><td>$[Blackwell/ylat]</td></tr>
</table>]]></text>
			</BalloonStyle>
		</Style>
		<StyleMap id="pointStyleMap4">
			<Pair>
				<key>normal</key>
				<styleUrl>#normPointStyle4</styleUrl>
			</Pair>
			<Pair>
				<key>highlight</key>
				<styleUrl>#hlightPointStyle4</styleUrl>
			</Pair>
		</StyleMap>
		<Folder id="layer 0">
			<name>Armadillo_Flats_003</name>
			<Placemark>
				<styleUrl>#pointStyleMap4</styleUrl>
				<ExtendedData>
					<SchemaData schemaUrl="#S_Armadillo_Flats_003_SISDDSDD">
						<SimpleData name="tag">Armadillo Flats</SimpleData>
						<SimpleData name="turbine_id">3089380</SimpleData>
						<SimpleData name="project">Armadillo Flats</SimpleData>
						<SimpleData name="hub_height__m_">80</SimpleData>
						<SimpleData name="rotor_diameter__m_">103</SimpleData>
						<SimpleData name="turbine_model">GE1.715-103</SimpleData>
						<SimpleData name="xlong">-97.5132</SimpleData>
						<SimpleData name="ylat">36.2687</SimpleData>
					</SchemaData>
				</ExtendedData>
				<Point>
					<coordinates>-97.51317599999999,36.26872600000003,0</coordinates>
				</Point>
			</Placemark>
			<Placemark>
				<styleUrl>#pointStyleMap4</styleUrl>
				<ExtendedData>
					<SchemaData schemaUrl="#S_Armadillo_Flats_003_SISDDSDD">
						<SimpleData name="tag"></SimpleData>
						<SimpleData name="turbine_id">3090375</SimpleData>
						<SimpleData name="project">Armadillo Flats</SimpleData>
						<SimpleData name="hub_height__m_">80</SimpleData>
						<SimpleData name="rotor_diameter__m_">103</SimpleData>
						<SimpleData name="turbine_model">GE1.715-103</SimpleData>
						<SimpleData name="xlong">-97.5285</SimpleData>
						<SimpleData name="ylat">36.33</SimpleData>
					</SchemaData>
				</ExtendedData>
				<Point>
					<coordinates>-97.528496,36.330044,0</coordinates>
				</Point>
			</Placemark>
			<Placemark>
				<styleUrl>#pointStyleMap4</styleUrl>
				<ExtendedData>
					<SchemaData schemaUrl="#S_Armadillo_Flats_003_SISDDSDD">
						<SimpleData name="tag"></SimpleData>
						<SimpleData name="turbine_id">3090372</SimpleData>
						<SimpleData name="project">Armadillo Flats</SimpleData>
						<SimpleData name="hub_height__m_">80</SimpleData>
						<SimpleData name="rotor_diameter__m_">103</SimpleData>
						<SimpleData name="turbine_model">GE1.715-103</SimpleData>
						<SimpleData name="xlong">-97.634</SimpleData>
						<SimpleData name="ylat">36.3571</SimpleData>
					</SchemaData>
				</ExtendedData>
				<Point>
					<coordinates>-97.633957,36.35707500000002,0</coordinates>
				</Point>
			</Placemark>
			<Placemark>
				<styleUrl>#pointStyleMap4</styleUrl>
				<ExtendedData>
					<SchemaData schemaUrl="#S_Armadillo_Flats_003_SISDDSDD">
						<SimpleData name="tag"></SimpleData>
						<SimpleData name="turbine_id">3089523</SimpleData>
						<SimpleData name="project">Armadillo Flats</SimpleData>
						<SimpleData name="hub_height__m_">80</SimpleData>
						<SimpleData name="rotor_diameter__m_">103</SimpleData>
						<SimpleData name="turbine_model">GE1.715-103</SimpleData>
						<SimpleData name="xlong">-97.6109</SimpleData>
						<SimpleData name="ylat">36.2941</SimpleData>
					</SchemaData>
				</ExtendedData>
				<Point>
					<coordinates>-97.61093900000002,36.294113,0</coordinates>
				</Point>
			</Placemark>
			<Placemark>
				<styleUrl>#pointStyleMap4</styleUrl>
				<ExtendedData>
					<SchemaData schemaUrl="#S_Armadillo_Flats_003_SISDDSDD">
						<SimpleData name="tag"></SimpleData>
						<SimpleData name="turbine_id">3090371</SimpleData>
						<SimpleData name="project">Armadillo Flats</SimpleData>
						<SimpleData name="hub_height__m_">80</SimpleData>
						<SimpleData name="rotor_diameter__m_">103</SimpleData>
						<SimpleData name="turbine_model">GE1.715-103</SimpleData>
						<SimpleData name="xlong">-97.5224</SimpleData>
						<SimpleData name="ylat">36.3491</SimpleData>
					</SchemaData>
				</ExtendedData>
				<Point>
					<coordinates>-97.522408,36.34905199999999,0</coordinates>
				</Point>
			</Placemark>
		</Folder>
	</Document>
	<Document>
		<name>Armadillo_Flats_002.csv</name>
		<Schema name="Armadillo_Flats_002" id="S_Armadillo_Flats_002_SISDDSDD">
			<SimpleField type="string" name="tag"><displayName>&lt;b&gt;tag&lt;/b&gt;</displayName>
</SimpleField>
			<SimpleField type="int" name="turbine_id"><displayName>&lt;b&gt;turbine_id&lt;/b&gt;</displayName>
</SimpleField>
			<SimpleField type="string" name="project"><displayName>&lt;b&gt;project&lt;/b&gt;</displayName>
</SimpleField>
			<SimpleField type="double" name="hub_height__m_"><displayName>&lt;b&gt;hub height (m)&lt;/b&gt;</displayName>
</SimpleField>
			<SimpleField type="double" name="rotor_diameter__m_"><displayName>&lt;b&gt;rotor diameter (m)&lt;/b&gt;</displayName>
</SimpleField>
			<SimpleField type="string" name="turbine_model"><displayName>&lt;b&gt;turbine model&lt;/b&gt;</displayName>
</SimpleField>
			<SimpleField type="double" name="xlong"><displayName>&lt;b&gt;xlong&lt;/b&gt;</displayName>
</SimpleField>
			<SimpleField type="double" name="ylat"><displayName>&lt;b&gt;ylat&lt;/b&gt;</displayName>
</SimpleField>
		</Schema>
		<Style id="hlightPointStyle5">
			<IconStyle>
				<color>ff000000</color>
				<scale>0.8</scale>
				<Icon>
					<href>files/blackdot_1_0_0_0_1_0.png</href>
				</Icon>
				<hotSpot x="0.5" y="0.5" xunits="fraction" yunits="fraction"/>
			</IconStyle>
			<BalloonStyle>
				<text><![CDATA[<table border="0">
  <tr><td><b>tag</b></td><td>$[Blackwell/tag]</td></tr>
  <tr><td><b>turbine_id</b></td><td>$[Blackwell/turbine_id]</td></tr>
  <tr><td><b>project</b></td><td>$[Blackwell/project]</td></tr>
  <tr><td><b>hub height (m)</b></td><td>$[Blackwell/hub_height__m_]</td></tr>
  <tr><td><b>rotor diameter (m)</b></td><td>$[Blackwell/rotor_diameter__m_]</td></tr>
  <tr><td><b>turbine model</b></td><td>$[Blackwell/turbine_model]</td></tr>
  <tr><td><b>xlong</b></td><td>$[Blackwell/xlong]</td></tr>
  <tr><td><b>ylat</b></td><td>$[Blackwell/ylat]</td></tr>
</table>]]></text>
			</BalloonStyle>
		</Style>
		<Style id="normPointStyle5">
			<IconStyle>
				<color>ff000000</color>
				<scale>0.8</scale>
				<Icon>
					<href>files/blackdot_1_0_0_0_1_0.png</href>
				</Icon>
				<hotSpot x="0.5" y="0.5" xunits="fraction" yunits="fraction"/>
			</IconStyle>
			<BalloonStyle>
				<text><![CDATA[<table border="0">
  <tr><td><b>tag</b></td><td>$[Blackwell/tag]</td></tr>
  <tr><td><b>turbine_id</b></td><td>$[Blackwell/turbine_id]</td></tr>
  <tr><td><b>project</b></td><td>$[Blackwell/project]</td></tr>
  <tr><td><b>hub height (m)</b></td><td>$[Blackwell/hub_height__m_]</td></tr>
  <tr><td><b>rotor diameter (m)</b></td><td>$[Blackwell/rotor_diameter__m_]</td></tr>
  <tr><td><b>turbine model</b></td><td>$[Blackwell/turbine_model]</td></tr>
  <tr><td><b>xlong</b></td><td>$[Blackwell/xlong]</td></tr>
  <tr><td><b>ylat</b></td><td>$[Blackwell/ylat]</td></tr>
</table>]]></text>
			</BalloonStyle>
		</Style>
		<StyleMap id="pointStyleMap5">
			<Pair>
				<key>normal</key>
				<styleUrl>#normPointStyle5</styleUrl>
			</Pair>
			<Pair>
				<key>highlight</key>
				<styleUrl>#hlightPointStyle5</styleUrl>
			</Pair>
		</StyleMap>
		<Folder id="layer 0">
			<name>Armadillo_Flats_002</name>
			<Placemark>
				<styleUrl>#pointStyleMap5</styleUrl>
				<ExtendedData>
					<SchemaData schemaUrl="#S_Armadillo_Flats_002_SISDDSDD">
						<SimpleData name="tag">Armadillo Flats</SimpleData>
						<SimpleData name="turbine_id">3089205</SimpleData>
						<SimpleData name="project">Armadillo Flats</SimpleData>
						<SimpleData name="hub_height__m_">80</SimpleData>
						<SimpleData name="rotor_diameter__m_">100</SimpleData>
						<SimpleData name="turbine_model">GE1.79-100</SimpleData>
						<SimpleData name="xlong">-97.4989</SimpleData>
						<SimpleData name="ylat">36.3342</SimpleData>
					</SchemaData>
				</ExtendedData>
				<Point>
					<coordinates>-97.49889400000001,36.33420199999999,0</coordinates>
				</Point>
			</Placemark>
			<Placemark>
				<styleUrl>#pointStyleMap5</styleUrl>
				<ExtendedData>
					<SchemaData schemaUrl="#S_Armadillo_Flats_002_SISDDSDD">
						<SimpleData name="tag"></SimpleData>
						<SimpleData name="turbine_id">3089479</SimpleData>
						<SimpleData name="project">Armadillo Flats</SimpleData>
						<SimpleData name="hub_height__m_">80</SimpleData>
						<SimpleData name="rotor_diameter__m_">100</SimpleData>
						<SimpleData name="turbine_model">GE1.79-100</SimpleData>
						<SimpleData name="xlong">-97.5223</SimpleData>
						<SimpleData name="ylat">36.3059</SimpleData>
					</SchemaData>
				</ExtendedData>
				<Point>
					<coordinates>-97.52225499999999,36.30590799999998,0</coordinates>
				</Point>
			</Placemark>
			<Placemark>
				<styleUrl>#pointStyleMap5</styleUrl>
				<ExtendedData>
					<SchemaData schemaUrl="#S_Armadillo_Flats_002_SISDDSDD">
						<SimpleData name="tag"></SimpleData>
						<SimpleData name="turbine_id">3087844</SimpleData>
						<SimpleData name="project">Armadillo Flats</SimpleData>
						<SimpleData name="hub_height__m_">80</SimpleData>
						<SimpleData name="rotor_diameter__m_">100</SimpleData>
						<SimpleData name="turbine_model">GE1.79-100</SimpleData>
						<SimpleData name="xlong">-97.5398</SimpleData>
						<SimpleData name="ylat">36.2555</SimpleData>
					</SchemaData>
				</ExtendedData>
				<Point>
					<coordinates>-97.53981,36.25553500000001,0</coordinates>
				</Point>
			</Placemark>
			<Placemark>
				<styleUrl>#pointStyleMap5</styleUrl>
				<ExtendedData>
					<SchemaData schemaUrl="#S_Armadillo_Flats_002_SISDDSDD">
						<SimpleData name="tag"></SimpleData>
						<SimpleData name="turbine_id">3089898</SimpleData>
						<SimpleData name="project">Armadillo Flats</SimpleData>
						<SimpleData name="hub_height__m_">80</SimpleData>
						<SimpleData name="rotor_diameter__m_">100</SimpleData>
						<SimpleData name="turbine_model">GE1.79-100</SimpleData>
						<SimpleData name="xlong">-97.6151</SimpleData>
						<SimpleData name="ylat">36.3216</SimpleData>
					</SchemaData>
				</ExtendedData>
				<Point>
					<coordinates>-97.615082,36.32160900000001,0</coordinates>
				</Point>
			</Placemark>
			<Placemark>
				<styleUrl>#pointStyleMap5</styleUrl>
				<ExtendedData>
					<SchemaData schemaUrl="#S_Armadillo_Flats_002_SISDDSDD">
						<SimpleData name="tag"></SimpleData>
						<SimpleData name="turbine_id">3088132</SimpleData>
						<SimpleData name="project">Armadillo Flats</SimpleData>
						<SimpleData name="hub_height__m_">80</SimpleData>
						<SimpleData name="rotor_diameter__m_">100</SimpleData>
						<SimpleData name="turbine_model">GE1.79-100</SimpleData>
						<SimpleData name="xlong">-97.5443</SimpleData>
						<SimpleData name="ylat">36.2807</SimpleData>
					</SchemaData>
				</ExtendedData>
				<Point>
					<coordinates>-97.544273,36.28065100000001,0</coordinates>
				</Point>
			</Placemark>
			<Placemark>
				<styleUrl>#pointStyleMap5</styleUrl>
				<ExtendedData>
					<SchemaData schemaUrl="#S_Armadillo_Flats_002_SISDDSDD">
						<SimpleData name="tag"></SimpleData>
						<SimpleData name="turbine_id">3089251</SimpleData>
						<SimpleData name="project">Armadillo Flats</SimpleData>
						<SimpleData name="hub_height__m_">80</SimpleData>
						<SimpleData name="rotor_diameter__m_">100</SimpleData>
						<SimpleData name="turbine_model">GE1.79-100</SimpleData>
						<SimpleData name="xlong">-97.545</SimpleData>
						<SimpleData name="ylat">36.2476</SimpleData>
					</SchemaData>
				</ExtendedData>
				<Point>
					<coordinates>-97.54502899999999,36.24755899999998,0</coordinates>
				</Point>
			</Placemark>
			<Placemark>
				<styleUrl>#pointStyleMap5</styleUrl>
				<ExtendedData>
					<SchemaData schemaUrl="#S_Armadillo_Flats_002_SISDDSDD">
						<SimpleData name="tag"></SimpleData>
						<SimpleData name="turbine_id">3089646</SimpleData>
						<SimpleData name="project">Armadillo Flats</SimpleData>
						<SimpleData name="hub_height__m_">80</SimpleData>
						<SimpleData name="rotor_diameter__m_">100</SimpleData>
						<SimpleData name="turbine_model">GE1.79-100</SimpleData>
						<SimpleData name="xlong">-97.517</SimpleData>
						<SimpleData name="ylat">36.2333</SimpleData>
					</SchemaData>
				</ExtendedData>
				<Point>
					<coordinates>-97.516998,36.23327599999998,0</coordinates>
				</Point>
			</Placemark>
			<Placemark>
				<styleUrl>#pointStyleMap5</styleUrl>
				<ExtendedData>
					<SchemaData schemaUrl="#S_Armadillo_Flats_002_SISDDSDD">
						<SimpleData name="tag"></SimpleData>
						<SimpleData name="turbine_id">3088152</SimpleData>
						<SimpleData name="project">Armadillo Flats</SimpleData>
						<SimpleData name="hub_height__m_">80</SimpleData>
						<SimpleData name="rotor_diameter__m_">100</SimpleData>
						<SimpleData name="turbine_model">GE1.79-100</SimpleData>
						<SimpleData name="xlong">-97.5398</SimpleData>
						<SimpleData name="ylat">36.2788</SimpleData>
					</SchemaData>
				</ExtendedData>
				<Point>
					<coordinates>-97.539841,36.27884299999998,0</coordinates>
				</Point>
			</Placemark>
			<Placemark>
				<styleUrl>#pointStyleMap5</styleUrl>
				<ExtendedData>
					<SchemaData schemaUrl="#S_Armadillo_Flats_002_SISDDSDD">
						<SimpleData name="tag"></SimpleData>
						<SimpleData name="turbine_id">3088305</SimpleData>
						<SimpleData name="project">Armadillo Flats</SimpleData>
						<SimpleData name="hub_height__m_">80</SimpleData>
						<SimpleData name="rotor_diameter__m_">100</SimpleData>
						<SimpleData name="turbine_model">GE1.79-100</SimpleData>
						<SimpleData name="xlong">-97.5283</SimpleData>
						<SimpleData name="ylat">36.2735</SimpleData>
					</SchemaData>
				</ExtendedData>
				<Point>
					<coordinates>-97.528328,36.27346800000002,0</coordinates>
				</Point>
			</Placemark>
			<Placemark>
				<styleUrl>#pointStyleMap5</styleUrl>
				<ExtendedData>
					<SchemaData schemaUrl="#S_Armadillo_Flats_002_SISDDSDD">
						<SimpleData name="tag"></SimpleData>
						<SimpleData name="turbine_id">3090231</SimpleData>
						<SimpleData name="project">Armadillo Flats</SimpleData>
						<SimpleData name="hub_height__m_">80</SimpleData>
						<SimpleData name="rotor_diameter__m_">100</SimpleData>
						<SimpleData name="turbine_model">GE1.79-100</SimpleData>
						<SimpleData name="xlong">-97.6466</SimpleData>
						<SimpleData name="ylat">36.3348</SimpleData>
					</SchemaData>
				</ExtendedData>
				<Point>
					<coordinates>-97.646584,36.33482400000001,0</coordinates>
				</Point>
			</Placemark>
			<Placemark>
				<styleUrl>#pointStyleMap5</styleUrl>
				<ExtendedData>
					<SchemaData schemaUrl="#S_Armadillo_Flats_002_SISDDSDD">
						<SimpleData name="tag"></SimpleData>
						<SimpleData name="turbine_id">3090377</SimpleData>
						<SimpleData name="project">Armadillo Flats</SimpleData>
						<SimpleData name="hub_height__m_">80</SimpleData>
						<SimpleData name="rotor_diameter__m_">100</SimpleData>
						<SimpleData name="turbine_model">GE1.79-100</SimpleData>
						<SimpleData name="xlong">-97.5125</SimpleData>
						<SimpleData name="ylat">36.3351</SimpleData>
					</SchemaData>
				</ExtendedData>
				<Point>
					<coordinates>-97.51245900000002,36.33507199999999,0</coordinates>
				</Point>
			</Placemark>
			<Placemark>
				<styleUrl>#pointStyleMap5</styleUrl>
				<ExtendedData>
					<SchemaData schemaUrl="#S_Armadillo_Flats_002_SISDDSDD">
						<SimpleData name="tag"></SimpleData>
						<SimpleData name="turbine_id">3088364</SimpleData>
						<SimpleData name="project">Armadillo Flats</SimpleData>
						<SimpleData name="hub_height__m_">80</SimpleData>
						<SimpleData name="rotor_diameter__m_">100</SimpleData>
						<SimpleData name="turbine_model">GE1.79-100</SimpleData>
						<SimpleData name="xlong">-97.5397</SimpleData>
						<SimpleData name="ylat">36.2701</SimpleData>
					</SchemaData>
				</ExtendedData>
				<Point>
					<coordinates>-97.53968000000002,36.27013399999998,0</coordinates>
				</Point>
			</Placemark>
			<Placemark>
				<styleUrl>#pointStyleMap5</styleUrl>
				<ExtendedData>
					<SchemaData schemaUrl="#S_Armadillo_Flats_002_SISDDSDD">
						<SimpleData name="tag"></SimpleData>
						<SimpleData name="turbine_id">3089474</SimpleData>
						<SimpleData name="project">Armadillo Flats</SimpleData>
						<SimpleData name="hub_height__m_">80</SimpleData>
						<SimpleData name="rotor_diameter__m_">100</SimpleData>
						<SimpleData name="turbine_model">GE1.79-100</SimpleData>
						<SimpleData name="xlong">-97.6421</SimpleData>
						<SimpleData name="ylat">36.3309</SimpleData>
					</SchemaData>
				</ExtendedData>
				<Point>
					<coordinates>-97.64205899999999,36.330929,0</coordinates>
				</Point>
			</Placemark>
			<Placemark>
				<styleUrl>#pointStyleMap5</styleUrl>
				<ExtendedData>
					<SchemaData schemaUrl="#S_Armadillo_Flats_002_SISDDSDD">
						<SimpleData name="tag"></SimpleData>
						<SimpleData name="turbine_id">3089145</SimpleData>
						<SimpleData name="project">Armadillo Flats</SimpleData>
						<SimpleData name="hub_height__m_">80</SimpleData>
						<SimpleData name="rotor_diameter__m_">100</SimpleData>
						<SimpleData name="turbine_model">GE1.79-100</SimpleData>
						<SimpleData name="xlong">-97.5205</SimpleData>
						<SimpleData name="ylat">36.3371</SimpleData>
					</SchemaData>
				</ExtendedData>
				<Point>
					<coordinates>-97.520454,36.33705499999999,0</coordinates>
				</Point>
			</Placemark>
			<Placemark>
				<styleUrl>#pointStyleMap5</styleUrl>
				<ExtendedData>
					<SchemaData schemaUrl="#S_Armadillo_Flats_002_SISDDSDD">
						<SimpleData name="tag"></SimpleData>
						<SimpleData name="turbine_id">3089310</SimpleData>
						<SimpleData name="project">Armadillo Flats</SimpleData>
						<SimpleData name="hub_height__m_">80</SimpleData>
						<SimpleData name="rotor_diameter__m_">100</SimpleData>
						<SimpleData name="turbine_model">GE1.79-100</SimpleData>
						<SimpleData name="xlong">-97.5079</SimpleData>
						<SimpleData name="ylat">36.2569</SimpleData>
					</SchemaData>
				</ExtendedData>
				<Point>
					<coordinates>-97.507904,36.25690500000001,0</coordinates>
				</Point>
			</Placemark>
			<Placemark>
				<styleUrl>#pointStyleMap5</styleUrl>
				<ExtendedData>
					<SchemaData schemaUrl="#S_Armadillo_Flats_002_SISDDSDD">
						<SimpleData name="tag"></SimpleData>
						<SimpleData name="turbine_id">3088140</SimpleData>
						<SimpleData name="project">Armadillo Flats</SimpleData>
						<SimpleData name="hub_height__m_">80</SimpleData>
						<SimpleData name="rotor_diameter__m_">100</SimpleData>
						<SimpleData name="turbine_model">GE1.79-100</SimpleData>
						<SimpleData name="xlong">-97.5307</SimpleData>
						<SimpleData name="ylat">36.2559</SimpleData>
					</SchemaData>
				</ExtendedData>
				<Point>
					<coordinates>-97.53074599999998,36.25592399999998,0</coordinates>
				</Point>
			</Placemark>
			<Placemark>
				<styleUrl>#pointStyleMap5</styleUrl>
				<ExtendedData>
					<SchemaData schemaUrl="#S_Armadillo_Flats_002_SISDDSDD">
						<SimpleData name="tag"></SimpleData>
						<SimpleData name="turbine_id">3089802</SimpleData>
						<SimpleData name="project">Armadillo Flats</SimpleData>
						<SimpleData name="hub_height__m_">80</SimpleData>
						<SimpleData name="rotor_diameter__m_">100</SimpleData>
						<SimpleData name="turbine_model">GE1.79-100</SimpleData>
						<SimpleData name="xlong">-97.5128</SimpleData>
						<SimpleData name="ylat">36.2949</SimpleData>
					</SchemaData>
				</ExtendedData>
				<Point>
					<coordinates>-97.512787,36.294884,0</coordinates>
				</Point>
			</Placemark>
			<Placemark>
				<styleUrl>#pointStyleMap5</styleUrl>
				<ExtendedData>
					<SchemaData schemaUrl="#S_Armadillo_Flats_002_SISDDSDD">
						<SimpleData name="tag"></SimpleData>
						<SimpleData name="turbine_id">3089493</SimpleData>
						<SimpleData name="project">Armadillo Flats</SimpleData>
						<SimpleData name="hub_height__m_">80</SimpleData>
						<SimpleData name="rotor_diameter__m_">100</SimpleData>
						<SimpleData name="turbine_model">GE1.79-100</SimpleData>
						<SimpleData name="xlong">-97.6195</SimpleData>
						<SimpleData name="ylat">36.3418</SimpleData>
					</SchemaData>
				</ExtendedData>
				<Point>
					<coordinates>-97.61949199999999,36.34175099999997,0</coordinates>
				</Point>
			</Placemark>
			<Placemark>
				<styleUrl>#pointStyleMap5</styleUrl>
				<ExtendedData>
					<SchemaData schemaUrl="#S_Armadillo_Flats_002_SISDDSDD">
						<SimpleData name="tag"></SimpleData>
						<SimpleData name="turbine_id">3087796</SimpleData>
						<SimpleData name="project">Armadillo Flats</SimpleData>
						<SimpleData name="hub_height__m_">80</SimpleData>
						<SimpleData name="rotor_diameter__m_">100</SimpleData>
						<SimpleData name="turbine_model">GE1.79-100</SimpleData>
						<SimpleData name="xlong">-97.6012</SimpleData>
						<SimpleData name="ylat">36.2659</SimpleData>
					</SchemaData>
				</ExtendedData>
				<Point>
					<coordinates>-97.601158,36.26592600000001,0</coordinates>
				</Point>
			</Placemark>
			<Placemark>
				<styleUrl>#pointStyleMap5</styleUrl>
				<ExtendedData>
					<SchemaData schemaUrl="#S_Armadillo_Flats_002_SISDDSDD">
						<SimpleData name="tag"></SimpleData>
						<SimpleData name="turbine_id">3089249</SimpleData>
						<SimpleData name="project">Armadillo Flats</SimpleData>
						<SimpleData name="hub_height__m_">80</SimpleData>
						<SimpleData name="rotor_diameter__m_">100</SimpleData>
						<SimpleData name="turbine_model">GE1.79-100</SimpleData>
						<SimpleData name="xlong">-97.6343</SimpleData>
						<SimpleData name="ylat">36.3491</SimpleData>
					</SchemaData>
				</ExtendedData>
				<Point>
					<coordinates>-97.634338,36.34910600000002,0</coordinates>
				</Point>
			</Placemark>
			<Placemark>
				<styleUrl>#pointStyleMap5</styleUrl>
				<ExtendedData>
					<SchemaData schemaUrl="#S_Armadillo_Flats_002_SISDDSDD">
						<SimpleData name="tag"></SimpleData>
						<SimpleData name="turbine_id">3088294</SimpleData>
						<SimpleData name="project">Armadillo Flats</SimpleData>
						<SimpleData name="hub_height__m_">80</SimpleData>
						<SimpleData name="rotor_diameter__m_">100</SimpleData>
						<SimpleData name="turbine_model">GE1.79-100</SimpleData>
						<SimpleData name="xlong">-97.5351</SimpleData>
						<SimpleData name="ylat">36.2782</SimpleData>
					</SchemaData>
				</ExtendedData>
				<Point>
					<coordinates>-97.535141,36.27821,0</coordinates>
				</Point>
			</Placemark>
			<Placemark>
				<styleUrl>#pointStyleMap5</styleUrl>
				<ExtendedData>
					<SchemaData schemaUrl="#S_Armadillo_Flats_002_SISDDSDD">
						<SimpleData name="tag"></SimpleData>
						<SimpleData name="turbine_id">3089226</SimpleData>
						<SimpleData name="project">Armadillo Flats</SimpleData>
						<SimpleData name="hub_height__m_">80</SimpleData>
						<SimpleData name="rotor_diameter__m_">100</SimpleData>
						<SimpleData name="turbine_model">GE1.79-100</SimpleData>
						<SimpleData name="xlong">-97.5251</SimpleData>
						<SimpleData name="ylat">36.3133</SimpleData>
					</SchemaData>
				</ExtendedData>
				<Point>
					<coordinates>-97.52511599999998,36.31330500000002,0</coordinates>
				</Point>
			</Placemark>
			<Placemark>
				<styleUrl>#pointStyleMap5</styleUrl>
				<ExtendedData>
					<SchemaData schemaUrl="#S_Armadillo_Flats_002_SISDDSDD">
						<SimpleData name="tag"></SimpleData>
						<SimpleData name="turbine_id">3090387</SimpleData>
						<SimpleData name="project">Armadillo Flats</SimpleData>
						<SimpleData name="hub_height__m_">80</SimpleData>
						<SimpleData name="rotor_diameter__m_">100</SimpleData>
						<SimpleData name="turbine_model">GE1.79-100</SimpleData>
						<SimpleData name="xlong">-97.5348</SimpleData>
						<SimpleData name="ylat">36.2697</SimpleData>
					</SchemaData>
				</ExtendedData>
				<Point>
					<coordinates>-97.53482099999998,36.26968800000001,0</coordinates>
				</Point>
			</Placemark>
			<Placemark>
				<styleUrl>#pointStyleMap5</styleUrl>
				<ExtendedData>
					<SchemaData schemaUrl="#S_Armadillo_Flats_002_SISDDSDD">
						<SimpleData name="tag"></SimpleData>
						<SimpleData name="turbine_id">3088655</SimpleData>
						<SimpleData name="project">Armadillo Flats</SimpleData>
						<SimpleData name="hub_height__m_">80</SimpleData>
						<SimpleData name="rotor_diameter__m_">100</SimpleData>
						<SimpleData name="turbine_model">GE1.79-100</SimpleData>
						<SimpleData name="xlong">-97.6427</SimpleData>
						<SimpleData name="ylat">36.3453</SimpleData>
					</SchemaData>
				</ExtendedData>
				<Point>
					<coordinates>-97.64266999999998,36.345322,0</coordinates>
				</Point>
			</Placemark>
			<Placemark>
				<styleUrl>#pointStyleMap5</styleUrl>
				<ExtendedData>
					<SchemaData schemaUrl="#S_Armadillo_Flats_002_SISDDSDD">
						<SimpleData name="tag"></SimpleData>
						<SimpleData name="turbine_id">3088799</SimpleData>
						<SimpleData name="project">Armadillo Flats</SimpleData>
						<SimpleData name="hub_height__m_">80</SimpleData>
						<SimpleData name="rotor_diameter__m_">100</SimpleData>
						<SimpleData name="turbine_model">GE1.79-100</SimpleData>
						<SimpleData name="xlong">-97.5252</SimpleData>
						<SimpleData name="ylat">36.3014</SimpleData>
					</SchemaData>
				</ExtendedData>
				<Point>
					<coordinates>-97.52516900000001,36.30135700000001,0</coordinates>
				</Point>
			</Placemark>
			<Placemark>
				<styleUrl>#pointStyleMap5</styleUrl>
				<ExtendedData>
					<SchemaData schemaUrl="#S_Armadillo_Flats_002_SISDDSDD">
						<SimpleData name="tag"></SimpleData>
						<SimpleData name="turbine_id">3090025</SimpleData>
						<SimpleData name="project">Armadillo Flats</SimpleData>
						<SimpleData name="hub_height__m_">80</SimpleData>
						<SimpleData name="rotor_diameter__m_">100</SimpleData>
						<SimpleData name="turbine_model">GE1.79-100</SimpleData>
						<SimpleData name="xlong">-97.6297</SimpleData>
						<SimpleData name="ylat">36.3234</SimpleData>
					</SchemaData>
				</ExtendedData>
				<Point>
					<coordinates>-97.629677,36.32337999999998,0</coordinates>
				</Point>
			</Placemark>
			<Placemark>
				<styleUrl>#pointStyleMap5</styleUrl>
				<ExtendedData>
					<SchemaData schemaUrl="#S_Armadillo_Flats_002_SISDDSDD">
						<SimpleData name="tag"></SimpleData>
						<SimpleData name="turbine_id">3089609</SimpleData>
						<SimpleData name="project">Armadillo Flats</SimpleData>
						<SimpleData name="hub_height__m_">80</SimpleData>
						<SimpleData name="rotor_diameter__m_">100</SimpleData>
						<SimpleData name="turbine_model">GE1.79-100</SimpleData>
						<SimpleData name="xlong">-97.5358</SimpleData>
						<SimpleData name="ylat">36.2587</SimpleData>
					</SchemaData>
				</ExtendedData>
				<Point>
					<coordinates>-97.53580499999998,36.258667,0</coordinates>
				</Point>
			</Placemark>
			<Placemark>
				<styleUrl>#pointStyleMap5</styleUrl>
				<ExtendedData>
					<SchemaData schemaUrl="#S_Armadillo_Flats_002_SISDDSDD">
						<SimpleData name="tag"></SimpleData>
						<SimpleData name="turbine_id">3089671</SimpleData>
						<SimpleData name="project">Armadillo Flats</SimpleData>
						<SimpleData name="hub_height__m_">80</SimpleData>
						<SimpleData name="rotor_diameter__m_">100</SimpleData>
						<SimpleData name="turbine_model">GE1.79-100</SimpleData>
						<SimpleData name="xlong">-97.5115</SimpleData>
						<SimpleData name="ylat">36.2558</SimpleData>
					</SchemaData>
				</ExtendedData>
				<Point>
					<coordinates>-97.51145199999999,36.255791,0</coordinates>
				</Point>
			</Placemark>
			<Placemark>
				<styleUrl>#pointStyleMap5</styleUrl>
				<ExtendedData>
					<SchemaData schemaUrl="#S_Armadillo_Flats_002_SISDDSDD">
						<SimpleData name="tag"></SimpleData>
						<SimpleData name="turbine_id">3089487</SimpleData>
						<SimpleData name="project">Armadillo Flats</SimpleData>
						<SimpleData name="hub_height__m_">80</SimpleData>
						<SimpleData name="rotor_diameter__m_">100</SimpleData>
						<SimpleData name="turbine_model">GE1.79-100</SimpleData>
						<SimpleData name="xlong">-97.6089</SimpleData>
						<SimpleData name="ylat">36.3382</SimpleData>
					</SchemaData>
				</ExtendedData>
				<Point>
					<coordinates>-97.608925,36.33819199999999,0</coordinates>
				</Point>
			</Placemark>
			<Placemark>
				<styleUrl>#pointStyleMap5</styleUrl>
				<ExtendedData>
					<SchemaData schemaUrl="#S_Armadillo_Flats_002_SISDDSDD">
						<SimpleData name="tag"></SimpleData>
						<SimpleData name="turbine_id">3089494</SimpleData>
						<SimpleData name="project">Armadillo Flats</SimpleData>
						<SimpleData name="hub_height__m_">80</SimpleData>
						<SimpleData name="rotor_diameter__m_">100</SimpleData>
						<SimpleData name="turbine_model">GE1.79-100</SimpleData>
						<SimpleData name="xlong">-97.5908</SimpleData>
						<SimpleData name="ylat">36.331</SimpleData>
					</SchemaData>
				</ExtendedData>
				<Point>
					<coordinates>-97.59079699999999,36.33097500000001,0</coordinates>
				</Point>
			</Placemark>
			<Placemark>
				<styleUrl>#pointStyleMap5</styleUrl>
				<ExtendedData>
					<SchemaData schemaUrl="#S_Armadillo_Flats_002_SISDDSDD">
						<SimpleData name="tag"></SimpleData>
						<SimpleData name="turbine_id">3089044</SimpleData>
						<SimpleData name="project">Armadillo Flats</SimpleData>
						<SimpleData name="hub_height__m_">80</SimpleData>
						<SimpleData name="rotor_diameter__m_">100</SimpleData>
						<SimpleData name="turbine_model">GE1.79-100</SimpleData>
						<SimpleData name="xlong">-97.5218</SimpleData>
						<SimpleData name="ylat">36.3128</SimpleData>
					</SchemaData>
				</ExtendedData>
				<Point>
					<coordinates>-97.52176699999998,36.31283600000003,0</coordinates>
				</Point>
			</Placemark>
			<Placemark>
				<styleUrl>#pointStyleMap5</styleUrl>
				<ExtendedData>
					<SchemaData schemaUrl="#S_Armadillo_Flats_002_SISDDSDD">
						<SimpleData name="tag"></SimpleData>
						<SimpleData name="turbine_id">3089816</SimpleData>
						<SimpleData name="project">Armadillo Flats</SimpleData>
						<SimpleData name="hub_height__m_">80</SimpleData>
						<SimpleData name="rotor_diameter__m_">100</SimpleData>
						<SimpleData name="turbine_model">GE1.79-100</SimpleData>
						<SimpleData name="xlong">-97.635</SimpleData>
						<SimpleData name="ylat">36.3212</SimpleData>
					</SchemaData>
				</ExtendedData>
				<Point>
					<coordinates>-97.634979,36.32121300000001,0</coordinates>
				</Point>
			</Placemark>
			<Placemark>
				<styleUrl>#pointStyleMap5</styleUrl>
				<ExtendedData>
					<SchemaData schemaUrl="#S_Armadillo_Flats_002_SISDDSDD">
						<SimpleData name="tag"></SimpleData>
						<SimpleData name="turbine_id">3089180</SimpleData>
						<SimpleData name="project">Armadillo Flats</SimpleData>
						<SimpleData name="hub_height__m_">80</SimpleData>
						<SimpleData name="rotor_diameter__m_">100</SimpleData>
						<SimpleData name="turbine_model">GE1.79-100</SimpleData>
						<SimpleData name="xlong">-97.5036</SimpleData>
						<SimpleData name="ylat">36.3351</SimpleData>
					</SchemaData>
				</ExtendedData>
				<Point>
					<coordinates>-97.503601,36.33507199999999,0</coordinates>
				</Point>
			</Placemark>
			<Placemark>
				<styleUrl>#pointStyleMap5</styleUrl>
				<ExtendedData>
					<SchemaData schemaUrl="#S_Armadillo_Flats_002_SISDDSDD">
						<SimpleData name="tag"></SimpleData>
						<SimpleData name="turbine_id">3088902</SimpleData>
						<SimpleData name="project">Armadillo Flats</SimpleData>
						<SimpleData name="hub_height__m_">80</SimpleData>
						<SimpleData name="rotor_diameter__m_">100</SimpleData>
						<SimpleData name="turbine_model">GE1.79-100</SimpleData>
						<SimpleData name="xlong">-97.6328</SimpleData>
						<SimpleData name="ylat">36.3288</SimpleData>
					</SchemaData>
				</ExtendedData>
				<Point>
					<coordinates>-97.632828,36.32881499999999,0</coordinates>
				</Point>
			</Placemark>
			<Placemark>
				<styleUrl>#pointStyleMap5</styleUrl>
				<ExtendedData>
					<SchemaData schemaUrl="#S_Armadillo_Flats_002_SISDDSDD">
						<SimpleData name="tag"></SimpleData>
						<SimpleData name="turbine_id">3088732</SimpleData>
						<SimpleData name="project">Armadillo Flats</SimpleData>
						<SimpleData name="hub_height__m_">80</SimpleData>
						<SimpleData name="rotor_diameter__m_">100</SimpleData>
						<SimpleData name="turbine_model">GE1.79-100</SimpleData>
						<SimpleData name="xlong">-97.6281</SimpleData>
						<SimpleData name="ylat">36.3369</SimpleData>
					</SchemaData>
				</ExtendedData>
				<Point>
					<coordinates>-97.62814299999999,36.33694500000001,0</coordinates>
				</Point>
			</Placemark>
			<Placemark>
				<styleUrl>#pointStyleMap5</styleUrl>
				<ExtendedData>
					<SchemaData schemaUrl="#S_Armadillo_Flats_002_SISDDSDD">
						<SimpleData name="tag"></SimpleData>
						<SimpleData name="turbine_id">3089234</SimpleData>
						<SimpleData name="project">Armadillo Flats</SimpleData>
						<SimpleData name="hub_height__m_">80</SimpleData>
						<SimpleData name="rotor_diameter__m_">100</SimpleData>
						<SimpleData name="turbine_model">GE1.79-100</SimpleData>
						<SimpleData name="xlong">-97.5209</SimpleData>
						<SimpleData name="ylat">36.2333</SimpleData>
					</SchemaData>
				</ExtendedData>
				<Point>
					<coordinates>-97.52089700000001,36.233299,0</coordinates>
				</Point>
			</Placemark>
			<Placemark>
				<styleUrl>#pointStyleMap5</styleUrl>
				<ExtendedData>
					<SchemaData schemaUrl="#S_Armadillo_Flats_002_SISDDSDD">
						<SimpleData name="tag"></SimpleData>
						<SimpleData name="turbine_id">3089466</SimpleData>
						<SimpleData name="project">Armadillo Flats</SimpleData>
						<SimpleData name="hub_height__m_">80</SimpleData>
						<SimpleData name="rotor_diameter__m_">100</SimpleData>
						<SimpleData name="turbine_model">GE1.79-100</SimpleData>
						<SimpleData name="xlong">-97.5071</SimpleData>
						<SimpleData name="ylat">36.2634</SimpleData>
					</SchemaData>
				</ExtendedData>
				<Point>
					<coordinates>-97.50710299999999,36.26337799999997,0</coordinates>
				</Point>
			</Placemark>
			<Placemark>
				<styleUrl>#pointStyleMap5</styleUrl>
				<ExtendedData>
					<SchemaData schemaUrl="#S_Armadillo_Flats_002_SISDDSDD">
						<SimpleData name="tag"></SimpleData>
						<SimpleData name="turbine_id">3088153</SimpleData>
						<SimpleData name="project">Armadillo Flats</SimpleData>
						<SimpleData name="hub_height__m_">80</SimpleData>
						<SimpleData name="rotor_diameter__m_">100</SimpleData>
						<SimpleData name="turbine_model">GE1.79-100</SimpleData>
						<SimpleData name="xlong">-97.5488</SimpleData>
						<SimpleData name="ylat">36.282</SimpleData>
					</SchemaData>
				</ExtendedData>
				<Point>
					<coordinates>-97.54882800000001,36.28199000000001,0</coordinates>
				</Point>
			</Placemark>
			<Placemark>
				<styleUrl>#pointStyleMap5</styleUrl>
				<ExtendedData>
					<SchemaData schemaUrl="#S_Armadillo_Flats_002_SISDDSDD">
						<SimpleData name="tag"></SimpleData>
						<SimpleData name="turbine_id">3089805</SimpleData>
						<SimpleData name="project">Armadillo Flats</SimpleData>
						<SimpleData name="hub_height__m_">80</SimpleData>
						<SimpleData name="rotor_diameter__m_">100</SimpleData>
						<SimpleData name="turbine_model">GE1.79-100</SimpleData>
						<SimpleData name="xlong">-97.5917</SimpleData>
						<SimpleData name="ylat">36.3428</SimpleData>
					</SchemaData>
				</ExtendedData>
				<Point>
					<coordinates>-97.59172800000002,36.34277700000001,0</coordinates>
				</Point>
			</Placemark>
			<Placemark>
				<styleUrl>#pointStyleMap5</styleUrl>
				<ExtendedData>
					<SchemaData schemaUrl="#S_Armadillo_Flats_002_SISDDSDD">
						<SimpleData name="tag"></SimpleData>
						<SimpleData name="turbine_id">3088603</SimpleData>
						<SimpleData name="project">Armadillo Flats</SimpleData>
						<SimpleData name="hub_height__m_">80</SimpleData>
						<SimpleData name="rotor_diameter__m_">100</SimpleData>
						<SimpleData name="turbine_model">GE1.79-100</SimpleData>
						<SimpleData name="xlong">-97.6419</SimpleData>
						<SimpleData name="ylat">36.3216</SimpleData>
					</SchemaData>
				</ExtendedData>
				<Point>
					<coordinates>-97.64192200000001,36.32160900000001,0</coordinates>
				</Point>
			</Placemark>
			<Placemark>
				<styleUrl>#pointStyleMap5</styleUrl>
				<ExtendedData>
					<SchemaData schemaUrl="#S_Armadillo_Flats_002_SISDDSDD">
						<SimpleData name="tag"></SimpleData>
						<SimpleData name="turbine_id">3089607</SimpleData>
						<SimpleData name="project">Armadillo Flats</SimpleData>
						<SimpleData name="hub_height__m_">80</SimpleData>
						<SimpleData name="rotor_diameter__m_">100</SimpleData>
						<SimpleData name="turbine_model">GE1.79-100</SimpleData>
						<SimpleData name="xlong">-97.6468</SimpleData>
						<SimpleData name="ylat">36.3236</SimpleData>
					</SchemaData>
				</ExtendedData>
				<Point>
					<coordinates>-97.646835,36.32358599999999,0</coordinates>
				</Point>
			</Placemark>
			<Placemark>
				<styleUrl>#pointStyleMap5</styleUrl>
				<ExtendedData>
					<SchemaData schemaUrl="#S_Armadillo_Flats_002_SISDDSDD">
						<SimpleData name="tag"></SimpleData>
						<SimpleData name="turbine_id">3090358</SimpleData>
						<SimpleData name="project">Armadillo Flats</SimpleData>
						<SimpleData name="hub_height__m_">80</SimpleData>
						<SimpleData name="rotor_diameter__m_">100</SimpleData>
						<SimpleData name="turbine_model">GE1.79-100</SimpleData>
						<SimpleData name="xlong">-97.5444</SimpleData>
						<SimpleData name="ylat">36.2579</SimpleData>
					</SchemaData>
				</ExtendedData>
				<Point>
					<coordinates>-97.544434,36.25785399999999,0</coordinates>
				</Point>
			</Placemark>
			<Placemark>
				<styleUrl>#pointStyleMap5</styleUrl>
				<ExtendedData>
					<SchemaData schemaUrl="#S_Armadillo_Flats_002_SISDDSDD">
						<SimpleData name="tag"></SimpleData>
						<SimpleData name="turbine_id">3087819</SimpleData>
						<SimpleData name="project">Armadillo Flats</SimpleData>
						<SimpleData name="hub_height__m_">80</SimpleData>
						<SimpleData name="rotor_diameter__m_">100</SimpleData>
						<SimpleData name="turbine_model">GE1.79-100</SimpleData>
						<SimpleData name="xlong">-97.5307</SimpleData>
						<SimpleData name="ylat">36.2662</SimpleData>
					</SchemaData>
				</ExtendedData>
				<Point>
					<coordinates>-97.530708,36.26621999999999,0</coordinates>
				</Point>
			</Placemark>
			<Placemark>
				<styleUrl>#pointStyleMap5</styleUrl>
				<ExtendedData>
					<SchemaData schemaUrl="#S_Armadillo_Flats_002_SISDDSDD">
						<SimpleData name="tag"></SimpleData>
						<SimpleData name="turbine_id">3089163</SimpleData>
						<SimpleData name="project">Armadillo Flats</SimpleData>
						<SimpleData name="hub_height__m_">80</SimpleData>
						<SimpleData name="rotor_diameter__m_">100</SimpleData>
						<SimpleData name="turbine_model">GE1.79-100</SimpleData>
						<SimpleData name="xlong">-97.6154</SimpleData>
						<SimpleData name="ylat">36.3454</SimpleData>
					</SchemaData>
				</ExtendedData>
				<Point>
					<coordinates>-97.61537899999999,36.34543200000002,0</coordinates>
				</Point>
			</Placemark>
			<Placemark>
				<styleUrl>#pointStyleMap5</styleUrl>
				<ExtendedData>
					<SchemaData schemaUrl="#S_Armadillo_Flats_002_SISDDSDD">
						<SimpleData name="tag"></SimpleData>
						<SimpleData name="turbine_id">3089814</SimpleData>
						<SimpleData name="project">Armadillo Flats</SimpleData>
						<SimpleData name="hub_height__m_">80</SimpleData>
						<SimpleData name="rotor_diameter__m_">100</SimpleData>
						<SimpleData name="turbine_model">GE1.79-100</SimpleData>
						<SimpleData name="xlong">-97.5097</SimpleData>
						<SimpleData name="ylat">36.2701</SimpleData>
					</SchemaData>
				</ExtendedData>
				<Point>
					<coordinates>-97.50966599999998,36.27010300000001,0</coordinates>
				</Point>
			</Placemark>
			<Placemark>
				<styleUrl>#pointStyleMap5</styleUrl>
				<ExtendedData>
					<SchemaData schemaUrl="#S_Armadillo_Flats_002_SISDDSDD">
						<SimpleData name="tag"></SimpleData>
						<SimpleData name="turbine_id">3090379</SimpleData>
						<SimpleData name="project">Armadillo Flats</SimpleData>
						<SimpleData name="hub_height__m_">80</SimpleData>
						<SimpleData name="rotor_diameter__m_">100</SimpleData>
						<SimpleData name="turbine_model">GE1.79-100</SimpleData>
						<SimpleData name="xlong">-97.5174</SimpleData>
						<SimpleData name="ylat">36.3084</SimpleData>
					</SchemaData>
				</ExtendedData>
				<Point>
					<coordinates>-97.51740300000002,36.30837199999998,0</coordinates>
				</Point>
			</Placemark>
			<Placemark>
				<styleUrl>#pointStyleMap5</styleUrl>
				<ExtendedData>
					<SchemaData schemaUrl="#S_Armadillo_Flats_002_SISDDSDD">
						<SimpleData name="tag"></SimpleData>
						<SimpleData name="turbine_id">3088493</SimpleData>
						<SimpleData name="project">Armadillo Flats</SimpleData>
						<SimpleData name="hub_height__m_">80</SimpleData>
						<SimpleData name="rotor_diameter__m_">100</SimpleData>
						<SimpleData name="turbine_model">GE1.79-100</SimpleData>
						<SimpleData name="xlong">-97.5709</SimpleData>
						<SimpleData name="ylat">36.2815</SimpleData>
					</SchemaData>
				</ExtendedData>
				<Point>
					<coordinates>-97.57088499999999,36.28147899999998,0</coordinates>
				</Point>
			</Placemark>
			<Placemark>
				<styleUrl>#pointStyleMap5</styleUrl>
				<ExtendedData>
					<SchemaData schemaUrl="#S_Armadillo_Flats_002_SISDDSDD">
						<SimpleData name="tag"></SimpleData>
						<SimpleData name="turbine_id">3088047</SimpleData>
						<SimpleData name="project">Armadillo Flats</SimpleData>
						<SimpleData name="hub_height__m_">80</SimpleData>
						<SimpleData name="rotor_diameter__m_">100</SimpleData>
						<SimpleData name="turbine_model">GE1.79-100</SimpleData>
						<SimpleData name="xlong">-97.5254</SimpleData>
						<SimpleData name="ylat">36.2668</SimpleData>
					</SchemaData>
				</ExtendedData>
				<Point>
					<coordinates>-97.525436,36.26678499999998,0</coordinates>
				</Point>
			</Placemark>
			<Placemark>
				<styleUrl>#pointStyleMap5</styleUrl>
				<ExtendedData>
					<SchemaData schemaUrl="#S_Armadillo_Flats_002_SISDDSDD">
						<SimpleData name="tag"></SimpleData>
						<SimpleData name="turbine_id">3090373</SimpleData>
						<SimpleData name="project">Armadillo Flats</SimpleData>
						<SimpleData name="hub_height__m_">80</SimpleData>
						<SimpleData name="rotor_diameter__m_">100</SimpleData>
						<SimpleData name="turbine_model">GE1.79-100</SimpleData>
						<SimpleData name="xlong">-97.5273</SimpleData>
						<SimpleData name="ylat">36.3075</SimpleData>
					</SchemaData>
				</ExtendedData>
				<Point>
					<coordinates>-97.527275,36.30750999999999,0</coordinates>
				</Point>
			</Placemark>
			<Placemark>
				<styleUrl>#pointStyleMap5</styleUrl>
				<ExtendedData>
					<SchemaData schemaUrl="#S_Armadillo_Flats_002_SISDDSDD">
						<SimpleData name="tag"></SimpleData>
						<SimpleData name="turbine_id">3089122</SimpleData>
						<SimpleData name="project">Armadillo Flats</SimpleData>
						<SimpleData name="hub_height__m_">80</SimpleData>
						<SimpleData name="rotor_diameter__m_">100</SimpleData>
						<SimpleData name="turbine_model">GE1.79-100</SimpleData>
						<SimpleData name="xlong">-97.6378</SimpleData>
						<SimpleData name="ylat">36.3485</SimpleData>
					</SchemaData>
				</ExtendedData>
				<Point>
					<coordinates>-97.637787,36.34853,0</coordinates>
				</Point>
			</Placemark>
			<Placemark>
				<styleUrl>#pointStyleMap5</styleUrl>
				<ExtendedData>
					<SchemaData schemaUrl="#S_Armadillo_Flats_002_SISDDSDD">
						<SimpleData name="tag"></SimpleData>
						<SimpleData name="turbine_id">3088805</SimpleData>
						<SimpleData name="project">Armadillo Flats</SimpleData>
						<SimpleData name="hub_height__m_">80</SimpleData>
						<SimpleData name="rotor_diameter__m_">100</SimpleData>
						<SimpleData name="turbine_model">GE1.79-100</SimpleData>
						<SimpleData name="xlong">-97.63</SimpleData>
						<SimpleData name="ylat">36.3509</SimpleData>
					</SchemaData>
				</ExtendedData>
				<Point>
					<coordinates>-97.62996699999999,36.35092900000001,0</coordinates>
				</Point>
			</Placemark>
			<Placemark>
				<styleUrl>#pointStyleMap5</styleUrl>
				<ExtendedData>
					<SchemaData schemaUrl="#S_Armadillo_Flats_002_SISDDSDD">
						<SimpleData name="tag"></SimpleData>
						<SimpleData name="turbine_id">3087846</SimpleData>
						<SimpleData name="project">Armadillo Flats</SimpleData>
						<SimpleData name="hub_height__m_">80</SimpleData>
						<SimpleData name="rotor_diameter__m_">100</SimpleData>
						<SimpleData name="turbine_model">GE1.79-100</SimpleData>
						<SimpleData name="xlong">-97.5205</SimpleData>
						<SimpleData name="ylat">36.2411</SimpleData>
					</SchemaData>
				</ExtendedData>
				<Point>
					<coordinates>-97.52049999999998,36.241096,0</coordinates>
				</Point>
			</Placemark>
			<Placemark>
				<styleUrl>#pointStyleMap5</styleUrl>
				<ExtendedData>
					<SchemaData schemaUrl="#S_Armadillo_Flats_002_SISDDSDD">
						<SimpleData name="tag"></SimpleData>
						<SimpleData name="turbine_id">3088291</SimpleData>
						<SimpleData name="project">Armadillo Flats</SimpleData>
						<SimpleData name="hub_height__m_">80</SimpleData>
						<SimpleData name="rotor_diameter__m_">100</SimpleData>
						<SimpleData name="turbine_model">GE1.79-100</SimpleData>
						<SimpleData name="xlong">-97.5263</SimpleData>
						<SimpleData name="ylat">36.2551</SimpleData>
					</SchemaData>
				</ExtendedData>
				<Point>
					<coordinates>-97.52633700000001,36.255135,0</coordinates>
				</Point>
			</Placemark>
			<Placemark>
				<styleUrl>#pointStyleMap5</styleUrl>
				<ExtendedData>
					<SchemaData schemaUrl="#S_Armadillo_Flats_002_SISDDSDD">
						<SimpleData name="tag"></SimpleData>
						<SimpleData name="turbine_id">3090270</SimpleData>
						<SimpleData name="project">Armadillo Flats</SimpleData>
						<SimpleData name="hub_height__m_">80</SimpleData>
						<SimpleData name="rotor_diameter__m_">100</SimpleData>
						<SimpleData name="turbine_model">GE1.79-100</SimpleData>
						<SimpleData name="xlong">-97.6123</SimpleData>
						<SimpleData name="ylat">36.3364</SimpleData>
					</SchemaData>
				</ExtendedData>
				<Point>
					<coordinates>-97.61228199999998,36.33639899999999,0</coordinates>
				</Point>
			</Placemark>
			<Placemark>
				<styleUrl>#pointStyleMap5</styleUrl>
				<ExtendedData>
					<SchemaData schemaUrl="#S_Armadillo_Flats_002_SISDDSDD">
						<SimpleData name="tag"></SimpleData>
						<SimpleData name="turbine_id">3088090</SimpleData>
						<SimpleData name="project">Armadillo Flats</SimpleData>
						<SimpleData name="hub_height__m_">80</SimpleData>
						<SimpleData name="rotor_diameter__m_">100</SimpleData>
						<SimpleData name="turbine_model">GE1.79-100</SimpleData>
						<SimpleData name="xlong">-97.5305</SimpleData>
						<SimpleData name="ylat">36.278</SimpleData>
					</SchemaData>
				</ExtendedData>
				<Point>
					<coordinates>-97.530518,36.277966,0</coordinates>
				</Point>
			</Placemark>
			<Placemark>
				<styleUrl>#pointStyleMap5</styleUrl>
				<ExtendedData>
					<SchemaData schemaUrl="#S_Armadillo_Flats_002_SISDDSDD">
						<SimpleData name="tag"></SimpleData>
						<SimpleData name="turbine_id">3088780</SimpleData>
						<SimpleData name="project">Armadillo Flats</SimpleData>
						<SimpleData name="hub_height__m_">80</SimpleData>
						<SimpleData name="rotor_diameter__m_">100</SimpleData>
						<SimpleData name="turbine_model">GE1.79-100</SimpleData>
						<SimpleData name="xlong">-97.6105</SimpleData>
						<SimpleData name="ylat">36.3223</SimpleData>
					</SchemaData>
				</ExtendedData>
				<Point>
					<coordinates>-97.61045799999998,36.32230800000001,0</coordinates>
				</Point>
			</Placemark>
			<Placemark>
				<styleUrl>#pointStyleMap5</styleUrl>
				<ExtendedData>
					<SchemaData schemaUrl="#S_Armadillo_Flats_002_SISDDSDD">
						<SimpleData name="tag"></SimpleData>
						<SimpleData name="turbine_id">3089484</SimpleData>
						<SimpleData name="project">Armadillo Flats</SimpleData>
						<SimpleData name="hub_height__m_">80</SimpleData>
						<SimpleData name="rotor_diameter__m_">100</SimpleData>
						<SimpleData name="turbine_model">GE1.79-100</SimpleData>
						<SimpleData name="xlong">-97.5168</SimpleData>
						<SimpleData name="ylat">36.3164</SimpleData>
					</SchemaData>
				</ExtendedData>
				<Point>
					<coordinates>-97.51684600000002,36.31636,0</coordinates>
				</Point>
			</Placemark>
			<Placemark>
				<styleUrl>#pointStyleMap5</styleUrl>
				<ExtendedData>
					<SchemaData schemaUrl="#S_Armadillo_Flats_002_SISDDSDD">
						<SimpleData name="tag"></SimpleData>
						<SimpleData name="turbine_id">3088110</SimpleData>
						<SimpleData name="project">Armadillo Flats</SimpleData>
						<SimpleData name="hub_height__m_">80</SimpleData>
						<SimpleData name="rotor_diameter__m_">100</SimpleData>
						<SimpleData name="turbine_model">GE1.79-100</SimpleData>
						<SimpleData name="xlong">-97.5473</SimpleData>
						<SimpleData name="ylat">36.2765</SimpleData>
					</SchemaData>
				</ExtendedData>
				<Point>
					<coordinates>-97.54733299999999,36.276527,0</coordinates>
				</Point>
			</Placemark>
		</Folder>
	</Document>
	<Document>
		<name>Armadillo_Flats_001.csv</name>
		<Schema name="Armadillo_Flats_001" id="S_Armadillo_Flats_001_SISDDSDD">
			<SimpleField type="string" name="tag"><displayName>&lt;b&gt;tag&lt;/b&gt;</displayName>
</SimpleField>
			<SimpleField type="int" name="turbine_id"><displayName>&lt;b&gt;turbine_id&lt;/b&gt;</displayName>
</SimpleField>
			<SimpleField type="string" name="project"><displayName>&lt;b&gt;project&lt;/b&gt;</displayName>
</SimpleField>
			<SimpleField type="double" name="hub_height__m_"><displayName>&lt;b&gt;hub height (m)&lt;/b&gt;</displayName>
</SimpleField>
			<SimpleField type="double" name="rotor_diameter__m_"><displayName>&lt;b&gt;rotor diameter (m)&lt;/b&gt;</displayName>
</SimpleField>
			<SimpleField type="string" name="turbine_model"><displayName>&lt;b&gt;turbine model&lt;/b&gt;</displayName>
</SimpleField>
			<SimpleField type="double" name="xlong"><displayName>&lt;b&gt;xlong&lt;/b&gt;</displayName>
</SimpleField>
			<SimpleField type="double" name="ylat"><displayName>&lt;b&gt;ylat&lt;/b&gt;</displayName>
</SimpleField>
		</Schema>
		<Style id="hlightPointStyle6">
			<IconStyle>
				<color>ff000000</color>
				<scale>0.8</scale>
				<Icon>
					<href>files/blackdot_1_0_0_0_1_0.png</href>
				</Icon>
				<hotSpot x="0.5" y="0.5" xunits="fraction" yunits="fraction"/>
			</IconStyle>
			<BalloonStyle>
				<text><![CDATA[<table border="0">
  <tr><td><b>tag</b></td><td>$[Blackwell/tag]</td></tr>
  <tr><td><b>turbine_id</b></td><td>$[Blackwell/turbine_id]</td></tr>
  <tr><td><b>project</b></td><td>$[Blackwell/project]</td></tr>
  <tr><td><b>hub height (m)</b></td><td>$[Blackwell/hub_height__m_]</td></tr>
  <tr><td><b>rotor diameter (m)</b></td><td>$[Blackwell/rotor_diameter__m_]</td></tr>
  <tr><td><b>turbine model</b></td><td>$[Blackwell/turbine_model]</td></tr>
  <tr><td><b>xlong</b></td><td>$[Blackwell/xlong]</td></tr>
  <tr><td><b>ylat</b></td><td>$[Blackwell/ylat]</td></tr>
</table>]]></text>
			</BalloonStyle>
		</Style>
		<Style id="normPointStyle6">
			<IconStyle>
				<color>ff000000</color>
				<scale>0.8</scale>
				<Icon>
					<href>files/blackdot_1_0_0_0_1_0.png</href>
				</Icon>
				<hotSpot x="0.5" y="0.5" xunits="fraction" yunits="fraction"/>
			</IconStyle>
			<BalloonStyle>
				<text><![CDATA[<table border="0">
  <tr><td><b>tag</b></td><td>$[Blackwell/tag]</td></tr>
  <tr><td><b>turbine_id</b></td><td>$[Blackwell/turbine_id]</td></tr>
  <tr><td><b>project</b></td><td>$[Blackwell/project]</td></tr>
  <tr><td><b>hub height (m)</b></td><td>$[Blackwell/hub_height__m_]</td></tr>
  <tr><td><b>rotor diameter (m)</b></td><td>$[Blackwell/rotor_diameter__m_]</td></tr>
  <tr><td><b>turbine model</b></td><td>$[Blackwell/turbine_model]</td></tr>
  <tr><td><b>xlong</b></td><td>$[Blackwell/xlong]</td></tr>
  <tr><td><b>ylat</b></td><td>$[Blackwell/ylat]</td></tr>
</table>]]></text>
			</BalloonStyle>
		</Style>
		<StyleMap id="pointStyleMap6">
			<Pair>
				<key>normal</key>
				<styleUrl>#normPointStyle6</styleUrl>
			</Pair>
			<Pair>
				<key>highlight</key>
				<styleUrl>#hlightPointStyle6</styleUrl>
			</Pair>
		</StyleMap>
		<Folder id="layer 0">
			<name>Armadillo_Flats_001</name>
			<Placemark>
				<name>Armadillo Flats</name>
				<styleUrl>#pointStyleMap6</styleUrl>
				<ExtendedData>
					<SchemaData schemaUrl="#S_Armadillo_Flats_001_SISDDSDD">
						<SimpleData name="tag">Armadillo Flats</SimpleData>
						<SimpleData name="turbine_id">3089727</SimpleData>
						<SimpleData name="project">Armadillo Flats</SimpleData>
						<SimpleData name="hub_height__m_">90</SimpleData>
						<SimpleData name="rotor_diameter__m_">116</SimpleData>
						<SimpleData name="turbine_model">GE2.3-116</SimpleData>
						<SimpleData name="xlong">-97.5283</SimpleData>
						<SimpleData name="ylat">36.2876</SimpleData>
					</SchemaData>
				</ExtendedData>
				<Point>
					<coordinates>-97.52829000000001,36.28758199999999,0</coordinates>
				</Point>
			</Placemark>
			<Placemark>
				<styleUrl>#pointStyleMap6</styleUrl>
				<ExtendedData>
					<SchemaData schemaUrl="#S_Armadillo_Flats_001_SISDDSDD">
						<SimpleData name="tag"></SimpleData>
						<SimpleData name="turbine_id">3088615</SimpleData>
						<SimpleData name="project">Armadillo Flats</SimpleData>
						<SimpleData name="hub_height__m_">90</SimpleData>
						<SimpleData name="rotor_diameter__m_">116</SimpleData>
						<SimpleData name="turbine_model">GE2.3-116</SimpleData>
						<SimpleData name="xlong">-97.5351</SimpleData>
						<SimpleData name="ylat">36.3002</SimpleData>
					</SchemaData>
				</ExtendedData>
				<Point>
					<coordinates>-97.53509499999998,36.30016300000002,0</coordinates>
				</Point>
			</Placemark>
			<Placemark>
				<styleUrl>#pointStyleMap6</styleUrl>
				<ExtendedData>
					<SchemaData schemaUrl="#S_Armadillo_Flats_001_SISDDSDD">
						<SimpleData name="tag"></SimpleData>
						<SimpleData name="turbine_id">3089377</SimpleData>
						<SimpleData name="project">Armadillo Flats</SimpleData>
						<SimpleData name="hub_height__m_">90</SimpleData>
						<SimpleData name="rotor_diameter__m_">116</SimpleData>
						<SimpleData name="turbine_model">GE2.3-116</SimpleData>
						<SimpleData name="xlong">-97.5222</SimpleData>
						<SimpleData name="ylat">36.2986</SimpleData>
					</SchemaData>
				</ExtendedData>
				<Point>
					<coordinates>-97.522171,36.29864099999998,0</coordinates>
				</Point>
			</Placemark>
			<Placemark>
				<styleUrl>#pointStyleMap6</styleUrl>
				<ExtendedData>
					<SchemaData schemaUrl="#S_Armadillo_Flats_001_SISDDSDD">
						<SimpleData name="tag"></SimpleData>
						<SimpleData name="turbine_id">3089481</SimpleData>
						<SimpleData name="project">Armadillo Flats</SimpleData>
						<SimpleData name="hub_height__m_">90</SimpleData>
						<SimpleData name="rotor_diameter__m_">116</SimpleData>
						<SimpleData name="turbine_model">GE2.3-116</SimpleData>
						<SimpleData name="xlong">-97.5169</SimpleData>
						<SimpleData name="ylat">36.3011</SimpleData>
					</SchemaData>
				</ExtendedData>
				<Point>
					<coordinates>-97.516853,36.30106399999998,0</coordinates>
				</Point>
			</Placemark>
			<Placemark>
				<styleUrl>#pointStyleMap6</styleUrl>
				<ExtendedData>
					<SchemaData schemaUrl="#S_Armadillo_Flats_001_SISDDSDD">
						<SimpleData name="tag"></SimpleData>
						<SimpleData name="turbine_id">3089503</SimpleData>
						<SimpleData name="project">Armadillo Flats</SimpleData>
						<SimpleData name="hub_height__m_">90</SimpleData>
						<SimpleData name="rotor_diameter__m_">116</SimpleData>
						<SimpleData name="turbine_model">GE2.3-116</SimpleData>
						<SimpleData name="xlong">-97.5164</SimpleData>
						<SimpleData name="ylat">36.3431</SimpleData>
					</SchemaData>
				</ExtendedData>
				<Point>
					<coordinates>-97.51635,36.34306300000001,0</coordinates>
				</Point>
			</Placemark>
			<Placemark>
				<styleUrl>#pointStyleMap6</styleUrl>
				<ExtendedData>
					<SchemaData schemaUrl="#S_Armadillo_Flats_001_SISDDSDD">
						<SimpleData name="tag"></SimpleData>
						<SimpleData name="turbine_id">3090378</SimpleData>
						<SimpleData name="project">Armadillo Flats</SimpleData>
						<SimpleData name="hub_height__m_">90</SimpleData>
						<SimpleData name="rotor_diameter__m_">116</SimpleData>
						<SimpleData name="turbine_model">GE2.3-116</SimpleData>
						<SimpleData name="xlong">-97.5259</SimpleData>
						<SimpleData name="ylat">36.3592</SimpleData>
					</SchemaData>
				</ExtendedData>
				<Point>
					<coordinates>-97.52594000000002,36.35916500000001,0</coordinates>
				</Point>
			</Placemark>
			<Placemark>
				<styleUrl>#pointStyleMap6</styleUrl>
				<ExtendedData>
					<SchemaData schemaUrl="#S_Armadillo_Flats_001_SISDDSDD">
						<SimpleData name="tag"></SimpleData>
						<SimpleData name="turbine_id">3088747</SimpleData>
						<SimpleData name="project">Armadillo Flats</SimpleData>
						<SimpleData name="hub_height__m_">90</SimpleData>
						<SimpleData name="rotor_diameter__m_">116</SimpleData>
						<SimpleData name="turbine_model">GE2.3-116</SimpleData>
						<SimpleData name="xlong">-97.5185</SimpleData>
						<SimpleData name="ylat">36.3519</SimpleData>
					</SchemaData>
				</ExtendedData>
				<Point>
					<coordinates>-97.51847799999999,36.35189099999999,0</coordinates>
				</Point>
			</Placemark>
			<Placemark>
				<styleUrl>#pointStyleMap6</styleUrl>
				<ExtendedData>
					<SchemaData schemaUrl="#S_Armadillo_Flats_001_SISDDSDD">
						<SimpleData name="tag"></SimpleData>
						<SimpleData name="turbine_id">3089553</SimpleData>
						<SimpleData name="project">Armadillo Flats</SimpleData>
						<SimpleData name="hub_height__m_">90</SimpleData>
						<SimpleData name="rotor_diameter__m_">116</SimpleData>
						<SimpleData name="turbine_model">GE2.3-116</SimpleData>
						<SimpleData name="xlong">-97.5079</SimpleData>
						<SimpleData name="ylat">36.295</SimpleData>
					</SchemaData>
				</ExtendedData>
				<Point>
					<coordinates>-97.50789600000002,36.294983,0</coordinates>
				</Point>
			</Placemark>
			<Placemark>
				<styleUrl>#pointStyleMap6</styleUrl>
				<ExtendedData>
					<SchemaData schemaUrl="#S_Armadillo_Flats_001_SISDDSDD">
						<SimpleData name="tag"></SimpleData>
						<SimpleData name="turbine_id">3089495</SimpleData>
						<SimpleData name="project">Armadillo Flats</SimpleData>
						<SimpleData name="hub_height__m_">90</SimpleData>
						<SimpleData name="rotor_diameter__m_">116</SimpleData>
						<SimpleData name="turbine_model">GE2.3-116</SimpleData>
						<SimpleData name="xlong">-97.6469</SimpleData>
						<SimpleData name="ylat">36.3429</SimpleData>
					</SchemaData>
				</ExtendedData>
				<Point>
					<coordinates>-97.64685799999999,36.34294499999996,0</coordinates>
				</Point>
			</Placemark>
			<Placemark>
				<styleUrl>#pointStyleMap6</styleUrl>
				<ExtendedData>
					<SchemaData schemaUrl="#S_Armadillo_Flats_001_SISDDSDD">
						<SimpleData name="tag"></SimpleData>
						<SimpleData name="turbine_id">3089021</SimpleData>
						<SimpleData name="project">Armadillo Flats</SimpleData>
						<SimpleData name="hub_height__m_">90</SimpleData>
						<SimpleData name="rotor_diameter__m_">116</SimpleData>
						<SimpleData name="turbine_model">GE2.3-116</SimpleData>
						<SimpleData name="xlong">-97.5481</SimpleData>
						<SimpleData name="ylat">36.3342</SimpleData>
					</SchemaData>
				</ExtendedData>
				<Point>
					<coordinates>-97.54805,36.33418999999999,0</coordinates>
				</Point>
			</Placemark>
			<Placemark>
				<styleUrl>#pointStyleMap6</styleUrl>
				<ExtendedData>
					<SchemaData schemaUrl="#S_Armadillo_Flats_001_SISDDSDD">
						<SimpleData name="tag"></SimpleData>
						<SimpleData name="turbine_id">3088867</SimpleData>
						<SimpleData name="project">Armadillo Flats</SimpleData>
						<SimpleData name="hub_height__m_">90</SimpleData>
						<SimpleData name="rotor_diameter__m_">116</SimpleData>
						<SimpleData name="turbine_model">GE2.3-116</SimpleData>
						<SimpleData name="xlong">-97.5392</SimpleData>
						<SimpleData name="ylat">36.3421</SimpleData>
					</SchemaData>
				</ExtendedData>
				<Point>
					<coordinates>-97.53922999999999,36.34212099999998,0</coordinates>
				</Point>
			</Placemark>
			<Placemark>
				<styleUrl>#pointStyleMap6</styleUrl>
				<ExtendedData>
					<SchemaData schemaUrl="#S_Armadillo_Flats_001_SISDDSDD">
						<SimpleData name="tag"></SimpleData>
						<SimpleData name="turbine_id">3089613</SimpleData>
						<SimpleData name="project">Armadillo Flats</SimpleData>
						<SimpleData name="hub_height__m_">90</SimpleData>
						<SimpleData name="rotor_diameter__m_">116</SimpleData>
						<SimpleData name="turbine_model">GE2.3-116</SimpleData>
						<SimpleData name="xlong">-97.5189</SimpleData>
						<SimpleData name="ylat">36.2927</SimpleData>
					</SchemaData>
				</ExtendedData>
				<Point>
					<coordinates>-97.51887499999998,36.29265200000002,0</coordinates>
				</Point>
			</Placemark>
			<Placemark>
				<styleUrl>#pointStyleMap6</styleUrl>
				<ExtendedData>
					<SchemaData schemaUrl="#S_Armadillo_Flats_001_SISDDSDD">
						<SimpleData name="tag"></SimpleData>
						<SimpleData name="turbine_id">3089651</SimpleData>
						<SimpleData name="project">Armadillo Flats</SimpleData>
						<SimpleData name="hub_height__m_">90</SimpleData>
						<SimpleData name="rotor_diameter__m_">116</SimpleData>
						<SimpleData name="turbine_model">GE2.3-116</SimpleData>
						<SimpleData name="xlong">-97.5165</SimpleData>
						<SimpleData name="ylat">36.3645</SimpleData>
					</SchemaData>
				</ExtendedData>
				<Point>
					<coordinates>-97.51649500000001,36.364464,0</coordinates>
				</Point>
			</Placemark>
			<Placemark>
				<styleUrl>#pointStyleMap6</styleUrl>
				<ExtendedData>
					<SchemaData schemaUrl="#S_Armadillo_Flats_001_SISDDSDD">
						<SimpleData name="tag"></SimpleData>
						<SimpleData name="turbine_id">3088863</SimpleData>
						<SimpleData name="project">Armadillo Flats</SimpleData>
						<SimpleData name="hub_height__m_">90</SimpleData>
						<SimpleData name="rotor_diameter__m_">116</SimpleData>
						<SimpleData name="turbine_model">GE2.3-116</SimpleData>
						<SimpleData name="xlong">-97.5347</SimpleData>
						<SimpleData name="ylat">36.3455</SimpleData>
					</SchemaData>
				</ExtendedData>
				<Point>
					<coordinates>-97.534729,36.34545500000001,0</coordinates>
				</Point>
			</Placemark>
			<Placemark>
				<styleUrl>#pointStyleMap6</styleUrl>
				<ExtendedData>
					<SchemaData schemaUrl="#S_Armadillo_Flats_001_SISDDSDD">
						<SimpleData name="tag"></SimpleData>
						<SimpleData name="turbine_id">3088916</SimpleData>
						<SimpleData name="project">Armadillo Flats</SimpleData>
						<SimpleData name="hub_height__m_">90</SimpleData>
						<SimpleData name="rotor_diameter__m_">116</SimpleData>
						<SimpleData name="turbine_model">GE2.3-116</SimpleData>
						<SimpleData name="xlong">-97.5301</SimpleData>
						<SimpleData name="ylat">36.3526</SimpleData>
					</SchemaData>
				</ExtendedData>
				<Point>
					<coordinates>-97.530136,36.35255799999999,0</coordinates>
				</Point>
			</Placemark>
			<Placemark>
				<styleUrl>#pointStyleMap6</styleUrl>
				<ExtendedData>
					<SchemaData schemaUrl="#S_Armadillo_Flats_001_SISDDSDD">
						<SimpleData name="tag"></SimpleData>
						<SimpleData name="turbine_id">3089067</SimpleData>
						<SimpleData name="project">Armadillo Flats</SimpleData>
						<SimpleData name="hub_height__m_">90</SimpleData>
						<SimpleData name="rotor_diameter__m_">116</SimpleData>
						<SimpleData name="turbine_model">GE2.3-116</SimpleData>
						<SimpleData name="xlong">-97.5954</SimpleData>
						<SimpleData name="ylat">36.3366</SimpleData>
					</SchemaData>
				</ExtendedData>
				<Point>
					<coordinates>-97.59543600000002,36.33659399999998,0</coordinates>
				</Point>
			</Placemark>
			<Placemark>
				<styleUrl>#pointStyleMap6</styleUrl>
				<ExtendedData>
					<SchemaData schemaUrl="#S_Armadillo_Flats_001_SISDDSDD">
						<SimpleData name="tag"></SimpleData>
						<SimpleData name="turbine_id">3089298</SimpleData>
						<SimpleData name="project">Armadillo Flats</SimpleData>
						<SimpleData name="hub_height__m_">90</SimpleData>
						<SimpleData name="rotor_diameter__m_">116</SimpleData>
						<SimpleData name="turbine_model">GE2.3-116</SimpleData>
						<SimpleData name="xlong">-97.5576</SimpleData>
						<SimpleData name="ylat">36.3239</SimpleData>
					</SchemaData>
				</ExtendedData>
				<Point>
					<coordinates>-97.55761,36.323929,0</coordinates>
				</Point>
			</Placemark>
			<Placemark>
				<styleUrl>#pointStyleMap6</styleUrl>
				<ExtendedData>
					<SchemaData schemaUrl="#S_Armadillo_Flats_001_SISDDSDD">
						<SimpleData name="tag"></SimpleData>
						<SimpleData name="turbine_id">3089669</SimpleData>
						<SimpleData name="project">Armadillo Flats</SimpleData>
						<SimpleData name="hub_height__m_">90</SimpleData>
						<SimpleData name="rotor_diameter__m_">116</SimpleData>
						<SimpleData name="turbine_model">GE2.3-116</SimpleData>
						<SimpleData name="xlong">-97.5201</SimpleData>
						<SimpleData name="ylat">36.3444</SimpleData>
					</SchemaData>
				</ExtendedData>
				<Point>
					<coordinates>-97.520111,36.34439099999999,0</coordinates>
				</Point>
			</Placemark>
			<Placemark>
				<styleUrl>#pointStyleMap6</styleUrl>
				<ExtendedData>
					<SchemaData schemaUrl="#S_Armadillo_Flats_001_SISDDSDD">
						<SimpleData name="tag"></SimpleData>
						<SimpleData name="turbine_id">3089083</SimpleData>
						<SimpleData name="project">Armadillo Flats</SimpleData>
						<SimpleData name="hub_height__m_">90</SimpleData>
						<SimpleData name="rotor_diameter__m_">116</SimpleData>
						<SimpleData name="turbine_model">GE2.3-116</SimpleData>
						<SimpleData name="xlong">-97.5092</SimpleData>
						<SimpleData name="ylat">36.2868</SimpleData>
					</SchemaData>
				</ExtendedData>
				<Point>
					<coordinates>-97.509247,36.286774,0</coordinates>
				</Point>
			</Placemark>
			<Placemark>
				<styleUrl>#pointStyleMap6</styleUrl>
				<ExtendedData>
					<SchemaData schemaUrl="#S_Armadillo_Flats_001_SISDDSDD">
						<SimpleData name="tag"></SimpleData>
						<SimpleData name="turbine_id">3089375</SimpleData>
						<SimpleData name="project">Armadillo Flats</SimpleData>
						<SimpleData name="hub_height__m_">90</SimpleData>
						<SimpleData name="rotor_diameter__m_">116</SimpleData>
						<SimpleData name="turbine_model">GE2.3-116</SimpleData>
						<SimpleData name="xlong">-97.5445</SimpleData>
						<SimpleData name="ylat">36.3347</SimpleData>
					</SchemaData>
				</ExtendedData>
				<Point>
					<coordinates>-97.544456,36.33472799999998,0</coordinates>
				</Point>
			</Placemark>
			<Placemark>
				<styleUrl>#pointStyleMap6</styleUrl>
				<ExtendedData>
					<SchemaData schemaUrl="#S_Armadillo_Flats_001_SISDDSDD">
						<SimpleData name="tag"></SimpleData>
						<SimpleData name="turbine_id">3089475</SimpleData>
						<SimpleData name="project">Armadillo Flats</SimpleData>
						<SimpleData name="hub_height__m_">90</SimpleData>
						<SimpleData name="rotor_diameter__m_">116</SimpleData>
						<SimpleData name="turbine_model">GE2.3-116</SimpleData>
						<SimpleData name="xlong">-97.5738</SimpleData>
						<SimpleData name="ylat">36.3352</SimpleData>
					</SchemaData>
				</ExtendedData>
				<Point>
					<coordinates>-97.57382199999999,36.33520099999999,0</coordinates>
				</Point>
			</Placemark>
			<Placemark>
				<styleUrl>#pointStyleMap6</styleUrl>
				<ExtendedData>
					<SchemaData schemaUrl="#S_Armadillo_Flats_001_SISDDSDD">
						<SimpleData name="tag"></SimpleData>
						<SimpleData name="turbine_id">3089068</SimpleData>
						<SimpleData name="project">Armadillo Flats</SimpleData>
						<SimpleData name="hub_height__m_">90</SimpleData>
						<SimpleData name="rotor_diameter__m_">116</SimpleData>
						<SimpleData name="turbine_model">GE2.3-116</SimpleData>
						<SimpleData name="xlong">-97.5208</SimpleData>
						<SimpleData name="ylat">36.3634</SimpleData>
					</SchemaData>
				</ExtendedData>
				<Point>
					<coordinates>-97.52079000000001,36.36341899999999,0</coordinates>
				</Point>
			</Placemark>
			<Placemark>
				<styleUrl>#pointStyleMap6</styleUrl>
				<ExtendedData>
					<SchemaData schemaUrl="#S_Armadillo_Flats_001_SISDDSDD">
						<SimpleData name="tag"></SimpleData>
						<SimpleData name="turbine_id">3089634</SimpleData>
						<SimpleData name="project">Armadillo Flats</SimpleData>
						<SimpleData name="hub_height__m_">90</SimpleData>
						<SimpleData name="rotor_diameter__m_">116</SimpleData>
						<SimpleData name="turbine_model">GE2.3-116</SimpleData>
						<SimpleData name="xlong">-97.5618</SimpleData>
						<SimpleData name="ylat">36.3344</SimpleData>
					</SchemaData>
				</ExtendedData>
				<Point>
					<coordinates>-97.56178300000001,36.334435,0</coordinates>
				</Point>
			</Placemark>
			<Placemark>
				<styleUrl>#pointStyleMap6</styleUrl>
				<ExtendedData>
					<SchemaData schemaUrl="#S_Armadillo_Flats_001_SISDDSDD">
						<SimpleData name="tag"></SimpleData>
						<SimpleData name="turbine_id">3089225</SimpleData>
						<SimpleData name="project">Armadillo Flats</SimpleData>
						<SimpleData name="hub_height__m_">90</SimpleData>
						<SimpleData name="rotor_diameter__m_">116</SimpleData>
						<SimpleData name="turbine_model">GE2.3-116</SimpleData>
						<SimpleData name="xlong">-97.58</SimpleData>
						<SimpleData name="ylat">36.3435</SimpleData>
					</SchemaData>
				</ExtendedData>
				<Point>
					<coordinates>-97.58000199999998,36.34352100000002,0</coordinates>
				</Point>
			</Placemark>
			<Placemark>
				<styleUrl>#pointStyleMap6</styleUrl>
				<ExtendedData>
					<SchemaData schemaUrl="#S_Armadillo_Flats_001_SISDDSDD">
						<SimpleData name="tag"></SimpleData>
						<SimpleData name="turbine_id">3088660</SimpleData>
						<SimpleData name="project">Armadillo Flats</SimpleData>
						<SimpleData name="hub_height__m_">90</SimpleData>
						<SimpleData name="rotor_diameter__m_">116</SimpleData>
						<SimpleData name="turbine_model">GE2.3-116</SimpleData>
						<SimpleData name="xlong">-97.6416</SimpleData>
						<SimpleData name="ylat">36.3381</SimpleData>
					</SchemaData>
				</ExtendedData>
				<Point>
					<coordinates>-97.641617,36.338081,0</coordinates>
				</Point>
			</Placemark>
			<Placemark>
				<styleUrl>#pointStyleMap6</styleUrl>
				<ExtendedData>
					<SchemaData schemaUrl="#S_Armadillo_Flats_001_SISDDSDD">
						<SimpleData name="tag"></SimpleData>
						<SimpleData name="turbine_id">3089638</SimpleData>
						<SimpleData name="project">Armadillo Flats</SimpleData>
						<SimpleData name="hub_height__m_">90</SimpleData>
						<SimpleData name="rotor_diameter__m_">116</SimpleData>
						<SimpleData name="turbine_model">GE2.3-116</SimpleData>
						<SimpleData name="xlong">-97.5079</SimpleData>
						<SimpleData name="ylat">36.3377</SimpleData>
					</SchemaData>
				</ExtendedData>
				<Point>
					<coordinates>-97.507942,36.33766600000003,0</coordinates>
				</Point>
			</Placemark>
			<Placemark>
				<styleUrl>#pointStyleMap6</styleUrl>
				<ExtendedData>
					<SchemaData schemaUrl="#S_Armadillo_Flats_001_SISDDSDD">
						<SimpleData name="tag"></SimpleData>
						<SimpleData name="turbine_id">3088837</SimpleData>
						<SimpleData name="project">Armadillo Flats</SimpleData>
						<SimpleData name="hub_height__m_">90</SimpleData>
						<SimpleData name="rotor_diameter__m_">116</SimpleData>
						<SimpleData name="turbine_model">GE2.3-116</SimpleData>
						<SimpleData name="xlong">-97.5437</SimpleData>
						<SimpleData name="ylat">36.3442</SimpleData>
					</SchemaData>
				</ExtendedData>
				<Point>
					<coordinates>-97.543747,36.34419299999999,0</coordinates>
				</Point>
			</Placemark>
			<Placemark>
				<styleUrl>#pointStyleMap6</styleUrl>
				<ExtendedData>
					<SchemaData schemaUrl="#S_Armadillo_Flats_001_SISDDSDD">
						<SimpleData name="tag"></SimpleData>
						<SimpleData name="turbine_id">3089211</SimpleData>
						<SimpleData name="project">Armadillo Flats</SimpleData>
						<SimpleData name="hub_height__m_">90</SimpleData>
						<SimpleData name="rotor_diameter__m_">116</SimpleData>
						<SimpleData name="turbine_model">GE2.3-116</SimpleData>
						<SimpleData name="xlong">-97.5309</SimpleData>
						<SimpleData name="ylat">36.2958</SimpleData>
					</SchemaData>
				</ExtendedData>
				<Point>
					<coordinates>-97.53088400000001,36.29575700000001,0</coordinates>
				</Point>
			</Placemark>
			<Placemark>
				<styleUrl>#pointStyleMap6</styleUrl>
				<ExtendedData>
					<SchemaData schemaUrl="#S_Armadillo_Flats_001_SISDDSDD">
						<SimpleData name="tag"></SimpleData>
						<SimpleData name="turbine_id">3089075</SimpleData>
						<SimpleData name="project">Armadillo Flats</SimpleData>
						<SimpleData name="hub_height__m_">90</SimpleData>
						<SimpleData name="rotor_diameter__m_">116</SimpleData>
						<SimpleData name="turbine_model">GE2.3-116</SimpleData>
						<SimpleData name="xlong">-97.5452</SimpleData>
						<SimpleData name="ylat">36.3273</SimpleData>
					</SchemaData>
				</ExtendedData>
				<Point>
					<coordinates>-97.545219,36.32726300000003,0</coordinates>
				</Point>
			</Placemark>
			<Placemark>
				<styleUrl>#pointStyleMap6</styleUrl>
				<ExtendedData>
					<SchemaData schemaUrl="#S_Armadillo_Flats_001_SISDDSDD">
						<SimpleData name="tag"></SimpleData>
						<SimpleData name="turbine_id">3090382</SimpleData>
						<SimpleData name="project">Armadillo Flats</SimpleData>
						<SimpleData name="hub_height__m_">90</SimpleData>
						<SimpleData name="rotor_diameter__m_">116</SimpleData>
						<SimpleData name="turbine_model">GE2.3-116</SimpleData>
						<SimpleData name="xlong">-97.5287</SimpleData>
						<SimpleData name="ylat">36.3382</SimpleData>
					</SchemaData>
				</ExtendedData>
				<Point>
					<coordinates>-97.52870900000001,36.33818400000001,0</coordinates>
				</Point>
			</Placemark>
			<Placemark>
				<styleUrl>#pointStyleMap6</styleUrl>
				<ExtendedData>
					<SchemaData schemaUrl="#S_Armadillo_Flats_001_SISDDSDD">
						<SimpleData name="tag"></SimpleData>
						<SimpleData name="turbine_id">3089335</SimpleData>
						<SimpleData name="project">Armadillo Flats</SimpleData>
						<SimpleData name="hub_height__m_">90</SimpleData>
						<SimpleData name="rotor_diameter__m_">116</SimpleData>
						<SimpleData name="turbine_model">GE2.3-116</SimpleData>
						<SimpleData name="xlong">-97.5242</SimpleData>
						<SimpleData name="ylat">36.3379</SimpleData>
					</SchemaData>
				</ExtendedData>
				<Point>
					<coordinates>-97.524193,36.33793299999998,0</coordinates>
				</Point>
			</Placemark>
			<Placemark>
				<styleUrl>#pointStyleMap6</styleUrl>
				<ExtendedData>
					<SchemaData schemaUrl="#S_Armadillo_Flats_001_SISDDSDD">
						<SimpleData name="tag"></SimpleData>
						<SimpleData name="turbine_id">3089195</SimpleData>
						<SimpleData name="project">Armadillo Flats</SimpleData>
						<SimpleData name="hub_height__m_">90</SimpleData>
						<SimpleData name="rotor_diameter__m_">116</SimpleData>
						<SimpleData name="turbine_model">GE2.3-116</SimpleData>
						<SimpleData name="xlong">-97.5174</SimpleData>
						<SimpleData name="ylat">36.266</SimpleData>
					</SchemaData>
				</ExtendedData>
				<Point>
					<coordinates>-97.517433,36.26604100000001,0</coordinates>
				</Point>
			</Placemark>
			<Placemark>
				<styleUrl>#pointStyleMap6</styleUrl>
				<ExtendedData>
					<SchemaData schemaUrl="#S_Armadillo_Flats_001_SISDDSDD">
						<SimpleData name="tag"></SimpleData>
						<SimpleData name="turbine_id">3089268</SimpleData>
						<SimpleData name="project">Armadillo Flats</SimpleData>
						<SimpleData name="hub_height__m_">90</SimpleData>
						<SimpleData name="rotor_diameter__m_">116</SimpleData>
						<SimpleData name="turbine_model">GE2.3-116</SimpleData>
						<SimpleData name="xlong">-97.6001</SimpleData>
						<SimpleData name="ylat">36.3379</SimpleData>
					</SchemaData>
				</ExtendedData>
				<Point>
					<coordinates>-97.600105,36.33794400000001,0</coordinates>
				</Point>
			</Placemark>
			<Placemark>
				<styleUrl>#pointStyleMap6</styleUrl>
				<ExtendedData>
					<SchemaData schemaUrl="#S_Armadillo_Flats_001_SISDDSDD">
						<SimpleData name="tag"></SimpleData>
						<SimpleData name="turbine_id">3089206</SimpleData>
						<SimpleData name="project">Armadillo Flats</SimpleData>
						<SimpleData name="hub_height__m_">90</SimpleData>
						<SimpleData name="rotor_diameter__m_">116</SimpleData>
						<SimpleData name="turbine_model">GE2.3-116</SimpleData>
						<SimpleData name="xlong">-97.5704</SimpleData>
						<SimpleData name="ylat">36.3383</SimpleData>
					</SchemaData>
				</ExtendedData>
				<Point>
					<coordinates>-97.570381,36.33825299999999,0</coordinates>
				</Point>
			</Placemark>
			<Placemark>
				<styleUrl>#pointStyleMap6</styleUrl>
				<ExtendedData>
					<SchemaData schemaUrl="#S_Armadillo_Flats_001_SISDDSDD">
						<SimpleData name="tag"></SimpleData>
						<SimpleData name="turbine_id">3088958</SimpleData>
						<SimpleData name="project">Armadillo Flats</SimpleData>
						<SimpleData name="hub_height__m_">90</SimpleData>
						<SimpleData name="rotor_diameter__m_">116</SimpleData>
						<SimpleData name="turbine_model">GE2.3-116</SimpleData>
						<SimpleData name="xlong">-97.5308</SimpleData>
						<SimpleData name="ylat">36.3247</SimpleData>
					</SchemaData>
				</ExtendedData>
				<Point>
					<coordinates>-97.530754,36.32472599999999,0</coordinates>
				</Point>
			</Placemark>
			<Placemark>
				<styleUrl>#pointStyleMap6</styleUrl>
				<ExtendedData>
					<SchemaData schemaUrl="#S_Armadillo_Flats_001_SISDDSDD">
						<SimpleData name="tag"></SimpleData>
						<SimpleData name="turbine_id">3089118</SimpleData>
						<SimpleData name="project">Armadillo Flats</SimpleData>
						<SimpleData name="hub_height__m_">90</SimpleData>
						<SimpleData name="rotor_diameter__m_">116</SimpleData>
						<SimpleData name="turbine_model">GE2.3-116</SimpleData>
						<SimpleData name="xlong">-97.5212</SimpleData>
						<SimpleData name="ylat">36.2623</SimpleData>
					</SchemaData>
				</ExtendedData>
				<Point>
					<coordinates>-97.52119399999999,36.26229499999998,0</coordinates>
				</Point>
			</Placemark>
			<Placemark>
				<styleUrl>#pointStyleMap6</styleUrl>
				<ExtendedData>
					<SchemaData schemaUrl="#S_Armadillo_Flats_001_SISDDSDD">
						<SimpleData name="tag"></SimpleData>
						<SimpleData name="turbine_id">3090384</SimpleData>
						<SimpleData name="project">Armadillo Flats</SimpleData>
						<SimpleData name="hub_height__m_">90</SimpleData>
						<SimpleData name="rotor_diameter__m_">116</SimpleData>
						<SimpleData name="turbine_model">GE2.3-116</SimpleData>
						<SimpleData name="xlong">-97.539</SimpleData>
						<SimpleData name="ylat">36.3291</SimpleData>
					</SchemaData>
				</ExtendedData>
				<Point>
					<coordinates>-97.539047,36.32908599999999,0</coordinates>
				</Point>
			</Placemark>
			<Placemark>
				<styleUrl>#pointStyleMap6</styleUrl>
				<ExtendedData>
					<SchemaData schemaUrl="#S_Armadillo_Flats_001_SISDDSDD">
						<SimpleData name="tag"></SimpleData>
						<SimpleData name="turbine_id">3090388</SimpleData>
						<SimpleData name="project">Armadillo Flats</SimpleData>
						<SimpleData name="hub_height__m_">90</SimpleData>
						<SimpleData name="rotor_diameter__m_">116</SimpleData>
						<SimpleData name="turbine_model">GE2.3-116</SimpleData>
						<SimpleData name="xlong">-97.5169</SimpleData>
						<SimpleData name="ylat">36.3352</SimpleData>
					</SchemaData>
				</ExtendedData>
				<Point>
					<coordinates>-97.516891,36.335232,0</coordinates>
				</Point>
			</Placemark>
			<Placemark>
				<styleUrl>#pointStyleMap6</styleUrl>
				<ExtendedData>
					<SchemaData schemaUrl="#S_Armadillo_Flats_001_SISDDSDD">
						<SimpleData name="tag"></SimpleData>
						<SimpleData name="turbine_id">3089533</SimpleData>
						<SimpleData name="project">Armadillo Flats</SimpleData>
						<SimpleData name="hub_height__m_">90</SimpleData>
						<SimpleData name="rotor_diameter__m_">116</SimpleData>
						<SimpleData name="turbine_model">GE2.3-116</SimpleData>
						<SimpleData name="xlong">-97.5261</SimpleData>
						<SimpleData name="ylat">36.2933</SimpleData>
					</SchemaData>
				</ExtendedData>
				<Point>
					<coordinates>-97.52608499999998,36.29327799999997,0</coordinates>
				</Point>
			</Placemark>
			<Placemark>
				<styleUrl>#pointStyleMap6</styleUrl>
				<ExtendedData>
					<SchemaData schemaUrl="#S_Armadillo_Flats_001_SISDDSDD">
						<SimpleData name="tag"></SimpleData>
						<SimpleData name="turbine_id">3089386</SimpleData>
						<SimpleData name="project">Armadillo Flats</SimpleData>
						<SimpleData name="hub_height__m_">90</SimpleData>
						<SimpleData name="rotor_diameter__m_">116</SimpleData>
						<SimpleData name="turbine_model">GE2.3-116</SimpleData>
						<SimpleData name="xlong">-97.5229</SimpleData>
						<SimpleData name="ylat">36.2871</SimpleData>
					</SchemaData>
				</ExtendedData>
				<Point>
					<coordinates>-97.52285000000001,36.28713999999999,0</coordinates>
				</Point>
			</Placemark>
			<Placemark>
				<styleUrl>#pointStyleMap6</styleUrl>
				<ExtendedData>
					<SchemaData schemaUrl="#S_Armadillo_Flats_001_SISDDSDD">
						<SimpleData name="tag"></SimpleData>
						<SimpleData name="turbine_id">3089222</SimpleData>
						<SimpleData name="project">Armadillo Flats</SimpleData>
						<SimpleData name="hub_height__m_">90</SimpleData>
						<SimpleData name="rotor_diameter__m_">116</SimpleData>
						<SimpleData name="turbine_model">GE2.3-116</SimpleData>
						<SimpleData name="xlong">-97.5256</SimpleData>
						<SimpleData name="ylat">36.3528</SimpleData>
					</SchemaData>
				</ExtendedData>
				<Point>
					<coordinates>-97.525612,36.35275999999999,0</coordinates>
				</Point>
			</Placemark>
			<Placemark>
				<styleUrl>#pointStyleMap6</styleUrl>
				<ExtendedData>
					<SchemaData schemaUrl="#S_Armadillo_Flats_001_SISDDSDD">
						<SimpleData name="tag"></SimpleData>
						<SimpleData name="turbine_id">3088653</SimpleData>
						<SimpleData name="project">Armadillo Flats</SimpleData>
						<SimpleData name="hub_height__m_">90</SimpleData>
						<SimpleData name="rotor_diameter__m_">116</SimpleData>
						<SimpleData name="turbine_model">GE2.3-116</SimpleData>
						<SimpleData name="xlong">-97.5525</SimpleData>
						<SimpleData name="ylat">36.3242</SimpleData>
					</SchemaData>
				</ExtendedData>
				<Point>
					<coordinates>-97.552521,36.32423800000002,0</coordinates>
				</Point>
			</Placemark>
			<Placemark>
				<styleUrl>#pointStyleMap6</styleUrl>
				<ExtendedData>
					<SchemaData schemaUrl="#S_Armadillo_Flats_001_SISDDSDD">
						<SimpleData name="tag"></SimpleData>
						<SimpleData name="turbine_id">3089411</SimpleData>
						<SimpleData name="project">Armadillo Flats</SimpleData>
						<SimpleData name="hub_height__m_">90</SimpleData>
						<SimpleData name="rotor_diameter__m_">116</SimpleData>
						<SimpleData name="turbine_model">GE2.3-116</SimpleData>
						<SimpleData name="xlong">-97.5368</SimpleData>
						<SimpleData name="ylat">36.2912</SimpleData>
					</SchemaData>
				</ExtendedData>
				<Point>
					<coordinates>-97.53684199999999,36.29116800000001,0</coordinates>
				</Point>
			</Placemark>
			<Placemark>
				<styleUrl>#pointStyleMap6</styleUrl>
				<ExtendedData>
					<SchemaData schemaUrl="#S_Armadillo_Flats_001_SISDDSDD">
						<SimpleData name="tag"></SimpleData>
						<SimpleData name="turbine_id">3088746</SimpleData>
						<SimpleData name="project">Armadillo Flats</SimpleData>
						<SimpleData name="hub_height__m_">90</SimpleData>
						<SimpleData name="rotor_diameter__m_">116</SimpleData>
						<SimpleData name="turbine_model">GE2.3-116</SimpleData>
						<SimpleData name="xlong">-97.5399</SimpleData>
						<SimpleData name="ylat">36.2995</SimpleData>
					</SchemaData>
				</ExtendedData>
				<Point>
					<coordinates>-97.539902,36.299545,0</coordinates>
				</Point>
			</Placemark>
			<Placemark>
				<styleUrl>#pointStyleMap6</styleUrl>
				<ExtendedData>
					<SchemaData schemaUrl="#S_Armadillo_Flats_001_SISDDSDD">
						<SimpleData name="tag"></SimpleData>
						<SimpleData name="turbine_id">3089849</SimpleData>
						<SimpleData name="project">Armadillo Flats</SimpleData>
						<SimpleData name="hub_height__m_">90</SimpleData>
						<SimpleData name="rotor_diameter__m_">116</SimpleData>
						<SimpleData name="turbine_model">GE2.3-116</SimpleData>
						<SimpleData name="xlong">-97.5778</SimpleData>
						<SimpleData name="ylat">36.3351</SimpleData>
					</SchemaData>
				</ExtendedData>
				<Point>
					<coordinates>-97.57776599999998,36.33512100000001,0</coordinates>
				</Point>
			</Placemark>
			<Placemark>
				<styleUrl>#pointStyleMap6</styleUrl>
				<ExtendedData>
					<SchemaData schemaUrl="#S_Armadillo_Flats_001_SISDDSDD">
						<SimpleData name="tag"></SimpleData>
						<SimpleData name="turbine_id">3089488</SimpleData>
						<SimpleData name="project">Armadillo Flats</SimpleData>
						<SimpleData name="hub_height__m_">90</SimpleData>
						<SimpleData name="rotor_diameter__m_">116</SimpleData>
						<SimpleData name="turbine_model">GE2.3-116</SimpleData>
						<SimpleData name="xlong">-97.5256</SimpleData>
						<SimpleData name="ylat">36.324</SimpleData>
					</SchemaData>
				</ExtendedData>
				<Point>
					<coordinates>-97.52556600000001,36.32395199999998,0</coordinates>
				</Point>
			</Placemark>
		</Folder>
	</Document>
</Folder>
</kml>
