<?xml version="1.0" encoding="UTF-8"?>
<kml xmlns="http://www.opengis.net/kml/2.2" xmlns:gx="http://www.google.com/kml/ext/2.2" xmlns:kml="http://www.opengis.net/kml/2.2" xmlns:atom="http://www.w3.org/2005/Atom">
<Folder>
	<name>Chisholm View</name>
	<open>1</open>
	<Document>
		<name>Chisholm_View_II</name>
		<Schema name="Chisholm_View_II" id="S_Chisholm_View_II_SISDDSDD">
			<SimpleField type="string" name="tag"><displayName>&lt;b&gt;tag&lt;/b&gt;</displayName>
</SimpleField>
			<SimpleField type="int" name="turbine_id"><displayName>&lt;b&gt;turbine_id&lt;/b&gt;</displayName>
</SimpleField>
			<SimpleField type="string" name="project"><displayName>&lt;b&gt;project&lt;/b&gt;</displayName>
</SimpleField>
			<SimpleField type="double" name="hub_height__m_"><displayName>&lt;b&gt;hub height (m)&lt;/b&gt;</displayName>
</SimpleField>
			<SimpleField type="double" name="rotor_diameter__m_"><displayName>&lt;b&gt;rotor diameter (m)&lt;/b&gt;</displayName>
</SimpleField>
			<SimpleField type="string" name="turbine_model"><displayName>&lt;b&gt;turbine model&lt;/b&gt;</displayName>
</SimpleField>
			<SimpleField type="double" name="xlong"><displayName>&lt;b&gt;xlong&lt;/b&gt;</displayName>
</SimpleField>
			<SimpleField type="double" name="ylat"><displayName>&lt;b&gt;ylat&lt;/b&gt;</displayName>
</SimpleField>
		</Schema>
		<Style id="hlightPointStyle13">
			<IconStyle>
				<color>ff000000</color>
				<scale>0.6</scale>
				<Icon>
					<href>files/blackdot_1_0_0_0_1_0.png</href>
				</Icon>
				<hotSpot x="0.5" y="0.5" xunits="fraction" yunits="fraction"/>
			</IconStyle>
			<BalloonStyle>
				<text><![CDATA[<table border="0">
  <tr><td><b>tag</b></td><td>$[Blackwell/tag]</td></tr>
  <tr><td><b>turbine_id</b></td><td>$[Blackwell/turbine_id]</td></tr>
  <tr><td><b>project</b></td><td>$[Blackwell/project]</td></tr>
  <tr><td><b>hub height (m)</b></td><td>$[Blackwell/hub_height__m_]</td></tr>
  <tr><td><b>rotor diameter (m)</b></td><td>$[Blackwell/rotor_diameter__m_]</td></tr>
  <tr><td><b>turbine model</b></td><td>$[Blackwell/turbine_model]</td></tr>
  <tr><td><b>xlong</b></td><td>$[Blackwell/xlong]</td></tr>
  <tr><td><b>ylat</b></td><td>$[Blackwell/ylat]</td></tr>
</table>]]></text>
			</BalloonStyle>
		</Style>
		<Style id="normPointStyle13">
			<IconStyle>
				<color>ff000000</color>
				<scale>0.6</scale>
				<Icon>
					<href>files/blackdot_1_0_0_0_1_0.png</href>
				</Icon>
				<hotSpot x="0.5" y="0.5" xunits="fraction" yunits="fraction"/>
			</IconStyle>
			<BalloonStyle>
				<text><![CDATA[<table border="0">
  <tr><td><b>tag</b></td><td>$[Blackwell/tag]</td></tr>
  <tr><td><b>turbine_id</b></td><td>$[Blackwell/turbine_id]</td></tr>
  <tr><td><b>project</b></td><td>$[Blackwell/project]</td></tr>
  <tr><td><b>hub height (m)</b></td><td>$[Blackwell/hub_height__m_]</td></tr>
  <tr><td><b>rotor diameter (m)</b></td><td>$[Blackwell/rotor_diameter__m_]</td></tr>
  <tr><td><b>turbine model</b></td><td>$[Blackwell/turbine_model]</td></tr>
  <tr><td><b>xlong</b></td><td>$[Blackwell/xlong]</td></tr>
  <tr><td><b>ylat</b></td><td>$[Blackwell/ylat]</td></tr>
</table>]]></text>
			</BalloonStyle>
		</Style>
		<StyleMap id="pointStyleMap13">
			<Pair>
				<key>normal</key>
				<styleUrl>#normPointStyle13</styleUrl>
			</Pair>
			<Pair>
				<key>highlight</key>
				<styleUrl>#hlightPointStyle13</styleUrl>
			</Pair>
		</StyleMap>
		<Folder id="layer 0">
			<name>Chisholm_View_II</name>
			<Placemark>
				<styleUrl>#pointStyleMap13</styleUrl>
				<ExtendedData>
					<SchemaData schemaUrl="#S_Chisholm_View_II_SISDDSDD">
						<SimpleData name="tag">Chisholm View II</SimpleData>
						<SimpleData name="turbine_id">3054249</SimpleData>
						<SimpleData name="project">Chisholm View II</SimpleData>
						<SimpleData name="hub_height__m_">80</SimpleData>
						<SimpleData name="rotor_diameter__m_">107</SimpleData>
						<SimpleData name="turbine_model">GE2.4-107</SimpleData>
						<SimpleData name="xlong">-97.7164</SimpleData>
						<SimpleData name="ylat">36.5369</SimpleData>
					</SchemaData>
				</ExtendedData>
				<Point>
					<coordinates>-97.716431,36.536858,0</coordinates>
				</Point>
			</Placemark>
			<Placemark>
				<styleUrl>#pointStyleMap13</styleUrl>
				<ExtendedData>
					<SchemaData schemaUrl="#S_Chisholm_View_II_SISDDSDD">
						<SimpleData name="tag"></SimpleData>
						<SimpleData name="turbine_id">3054246</SimpleData>
						<SimpleData name="project">Chisholm View II</SimpleData>
						<SimpleData name="hub_height__m_">80</SimpleData>
						<SimpleData name="rotor_diameter__m_">107</SimpleData>
						<SimpleData name="turbine_model">GE2.4-107</SimpleData>
						<SimpleData name="xlong">-97.7087</SimpleData>
						<SimpleData name="ylat">36.545</SimpleData>
					</SchemaData>
				</ExtendedData>
				<Point>
					<coordinates>-97.70871699999999,36.54495199999999,0</coordinates>
				</Point>
			</Placemark>
			<Placemark>
				<styleUrl>#pointStyleMap13</styleUrl>
				<ExtendedData>
					<SchemaData schemaUrl="#S_Chisholm_View_II_SISDDSDD">
						<SimpleData name="tag"></SimpleData>
						<SimpleData name="turbine_id">3054252</SimpleData>
						<SimpleData name="project">Chisholm View II</SimpleData>
						<SimpleData name="hub_height__m_">80</SimpleData>
						<SimpleData name="rotor_diameter__m_">107</SimpleData>
						<SimpleData name="turbine_model">GE2.4-107</SimpleData>
						<SimpleData name="xlong">-97.7357</SimpleData>
						<SimpleData name="ylat">36.5088</SimpleData>
					</SchemaData>
				</ExtendedData>
				<Point>
					<coordinates>-97.73567199999999,36.50880799999999,0</coordinates>
				</Point>
			</Placemark>
			<Placemark>
				<styleUrl>#pointStyleMap13</styleUrl>
				<ExtendedData>
					<SchemaData schemaUrl="#S_Chisholm_View_II_SISDDSDD">
						<SimpleData name="tag"></SimpleData>
						<SimpleData name="turbine_id">3054245</SimpleData>
						<SimpleData name="project">Chisholm View II</SimpleData>
						<SimpleData name="hub_height__m_">80</SimpleData>
						<SimpleData name="rotor_diameter__m_">107</SimpleData>
						<SimpleData name="turbine_model">GE2.4-107</SimpleData>
						<SimpleData name="xlong">-97.6882</SimpleData>
						<SimpleData name="ylat">36.6015</SimpleData>
					</SchemaData>
				</ExtendedData>
				<Point>
					<coordinates>-97.688225,36.60148599999998,0</coordinates>
				</Point>
			</Placemark>
			<Placemark>
				<styleUrl>#pointStyleMap13</styleUrl>
				<ExtendedData>
					<SchemaData schemaUrl="#S_Chisholm_View_II_SISDDSDD">
						<SimpleData name="tag"></SimpleData>
						<SimpleData name="turbine_id">3054256</SimpleData>
						<SimpleData name="project">Chisholm View II</SimpleData>
						<SimpleData name="hub_height__m_">80</SimpleData>
						<SimpleData name="rotor_diameter__m_">107</SimpleData>
						<SimpleData name="turbine_model">GE2.4-107</SimpleData>
						<SimpleData name="xlong">-97.7199</SimpleData>
						<SimpleData name="ylat">36.509</SimpleData>
					</SchemaData>
				</ExtendedData>
				<Point>
					<coordinates>-97.719894,36.50902600000001,0</coordinates>
				</Point>
			</Placemark>
			<Placemark>
				<styleUrl>#pointStyleMap13</styleUrl>
				<ExtendedData>
					<SchemaData schemaUrl="#S_Chisholm_View_II_SISDDSDD">
						<SimpleData name="tag"></SimpleData>
						<SimpleData name="turbine_id">3054251</SimpleData>
						<SimpleData name="project">Chisholm View II</SimpleData>
						<SimpleData name="hub_height__m_">80</SimpleData>
						<SimpleData name="rotor_diameter__m_">107</SimpleData>
						<SimpleData name="turbine_model">GE2.4-107</SimpleData>
						<SimpleData name="xlong">-97.739</SimpleData>
						<SimpleData name="ylat">36.511</SimpleData>
					</SchemaData>
				</ExtendedData>
				<Point>
					<coordinates>-97.738998,36.51100199999999,0</coordinates>
				</Point>
			</Placemark>
			<Placemark>
				<styleUrl>#pointStyleMap13</styleUrl>
				<ExtendedData>
					<SchemaData schemaUrl="#S_Chisholm_View_II_SISDDSDD">
						<SimpleData name="tag"></SimpleData>
						<SimpleData name="turbine_id">3054242</SimpleData>
						<SimpleData name="project">Chisholm View II</SimpleData>
						<SimpleData name="hub_height__m_">80</SimpleData>
						<SimpleData name="rotor_diameter__m_">107</SimpleData>
						<SimpleData name="turbine_model">GE2.4-107</SimpleData>
						<SimpleData name="xlong">-97.6693</SimpleData>
						<SimpleData name="ylat">36.5899</SimpleData>
					</SchemaData>
				</ExtendedData>
				<Point>
					<coordinates>-97.66925000000001,36.589935,0</coordinates>
				</Point>
			</Placemark>
			<Placemark>
				<styleUrl>#pointStyleMap13</styleUrl>
				<ExtendedData>
					<SchemaData schemaUrl="#S_Chisholm_View_II_SISDDSDD">
						<SimpleData name="tag"></SimpleData>
						<SimpleData name="turbine_id">3054244</SimpleData>
						<SimpleData name="project">Chisholm View II</SimpleData>
						<SimpleData name="hub_height__m_">80</SimpleData>
						<SimpleData name="rotor_diameter__m_">107</SimpleData>
						<SimpleData name="turbine_model">GE2.4-107</SimpleData>
						<SimpleData name="xlong">-97.684</SimpleData>
						<SimpleData name="ylat">36.6025</SimpleData>
					</SchemaData>
				</ExtendedData>
				<Point>
					<coordinates>-97.684044,36.602451,0</coordinates>
				</Point>
			</Placemark>
			<Placemark>
				<styleUrl>#pointStyleMap13</styleUrl>
				<ExtendedData>
					<SchemaData schemaUrl="#S_Chisholm_View_II_SISDDSDD">
						<SimpleData name="tag"></SimpleData>
						<SimpleData name="turbine_id">3054257</SimpleData>
						<SimpleData name="project">Chisholm View II</SimpleData>
						<SimpleData name="hub_height__m_">80</SimpleData>
						<SimpleData name="rotor_diameter__m_">107</SimpleData>
						<SimpleData name="turbine_model">GE2.4-107</SimpleData>
						<SimpleData name="xlong">-97.7093</SimpleData>
						<SimpleData name="ylat">36.5319</SimpleData>
					</SchemaData>
				</ExtendedData>
				<Point>
					<coordinates>-97.70925899999999,36.531929,0</coordinates>
				</Point>
			</Placemark>
			<Placemark>
				<styleUrl>#pointStyleMap13</styleUrl>
				<ExtendedData>
					<SchemaData schemaUrl="#S_Chisholm_View_II_SISDDSDD">
						<SimpleData name="tag"></SimpleData>
						<SimpleData name="turbine_id">3054260</SimpleData>
						<SimpleData name="project">Chisholm View II</SimpleData>
						<SimpleData name="hub_height__m_">80</SimpleData>
						<SimpleData name="rotor_diameter__m_">107</SimpleData>
						<SimpleData name="turbine_model">GE2.4-107</SimpleData>
						<SimpleData name="xlong">-97.6344</SimpleData>
						<SimpleData name="ylat">36.5845</SimpleData>
					</SchemaData>
				</ExtendedData>
				<Point>
					<coordinates>-97.63437699999999,36.58452599999998,0</coordinates>
				</Point>
			</Placemark>
			<Placemark>
				<styleUrl>#pointStyleMap13</styleUrl>
				<ExtendedData>
					<SchemaData schemaUrl="#S_Chisholm_View_II_SISDDSDD">
						<SimpleData name="tag"></SimpleData>
						<SimpleData name="turbine_id">3054263</SimpleData>
						<SimpleData name="project">Chisholm View II</SimpleData>
						<SimpleData name="hub_height__m_">80</SimpleData>
						<SimpleData name="rotor_diameter__m_">107</SimpleData>
						<SimpleData name="turbine_model">GE2.4-107</SimpleData>
						<SimpleData name="xlong">-97.6399</SimpleData>
						<SimpleData name="ylat">36.6042</SimpleData>
					</SchemaData>
				</ExtendedData>
				<Point>
					<coordinates>-97.63990000000001,36.604202,0</coordinates>
				</Point>
			</Placemark>
			<Placemark>
				<styleUrl>#pointStyleMap13</styleUrl>
				<ExtendedData>
					<SchemaData schemaUrl="#S_Chisholm_View_II_SISDDSDD">
						<SimpleData name="tag"></SimpleData>
						<SimpleData name="turbine_id">3054255</SimpleData>
						<SimpleData name="project">Chisholm View II</SimpleData>
						<SimpleData name="hub_height__m_">80</SimpleData>
						<SimpleData name="rotor_diameter__m_">107</SimpleData>
						<SimpleData name="turbine_model">GE2.4-107</SimpleData>
						<SimpleData name="xlong">-97.7232</SimpleData>
						<SimpleData name="ylat">36.5111</SimpleData>
					</SchemaData>
				</ExtendedData>
				<Point>
					<coordinates>-97.72319,36.51111200000002,0</coordinates>
				</Point>
			</Placemark>
			<Placemark>
				<styleUrl>#pointStyleMap13</styleUrl>
				<ExtendedData>
					<SchemaData schemaUrl="#S_Chisholm_View_II_SISDDSDD">
						<SimpleData name="tag"></SimpleData>
						<SimpleData name="turbine_id">3054237</SimpleData>
						<SimpleData name="project">Chisholm View II</SimpleData>
						<SimpleData name="hub_height__m_">80</SimpleData>
						<SimpleData name="rotor_diameter__m_">107</SimpleData>
						<SimpleData name="turbine_model">GE2.4-107</SimpleData>
						<SimpleData name="xlong">-97.6453</SimpleData>
						<SimpleData name="ylat">36.5994</SimpleData>
					</SchemaData>
				</ExtendedData>
				<Point>
					<coordinates>-97.64530200000002,36.59940699999999,0</coordinates>
				</Point>
			</Placemark>
			<Placemark>
				<styleUrl>#pointStyleMap13</styleUrl>
				<ExtendedData>
					<SchemaData schemaUrl="#S_Chisholm_View_II_SISDDSDD">
						<SimpleData name="tag"></SimpleData>
						<SimpleData name="turbine_id">3054261</SimpleData>
						<SimpleData name="project">Chisholm View II</SimpleData>
						<SimpleData name="hub_height__m_">80</SimpleData>
						<SimpleData name="rotor_diameter__m_">107</SimpleData>
						<SimpleData name="turbine_model">GE2.4-107</SimpleData>
						<SimpleData name="xlong">-97.6952</SimpleData>
						<SimpleData name="ylat">36.5255</SimpleData>
					</SchemaData>
				</ExtendedData>
				<Point>
					<coordinates>-97.69520599999998,36.52553900000002,0</coordinates>
				</Point>
			</Placemark>
			<Placemark>
				<styleUrl>#pointStyleMap13</styleUrl>
				<ExtendedData>
					<SchemaData schemaUrl="#S_Chisholm_View_II_SISDDSDD">
						<SimpleData name="tag"></SimpleData>
						<SimpleData name="turbine_id">3054253</SimpleData>
						<SimpleData name="project">Chisholm View II</SimpleData>
						<SimpleData name="hub_height__m_">80</SimpleData>
						<SimpleData name="rotor_diameter__m_">107</SimpleData>
						<SimpleData name="turbine_model">GE2.4-107</SimpleData>
						<SimpleData name="xlong">-97.7311</SimpleData>
						<SimpleData name="ylat">36.5105</SimpleData>
					</SchemaData>
				</ExtendedData>
				<Point>
					<coordinates>-97.73111,36.51051300000002,0</coordinates>
				</Point>
			</Placemark>
			<Placemark>
				<styleUrl>#pointStyleMap13</styleUrl>
				<ExtendedData>
					<SchemaData schemaUrl="#S_Chisholm_View_II_SISDDSDD">
						<SimpleData name="tag"></SimpleData>
						<SimpleData name="turbine_id">3054238</SimpleData>
						<SimpleData name="project">Chisholm View II</SimpleData>
						<SimpleData name="hub_height__m_">80</SimpleData>
						<SimpleData name="rotor_diameter__m_">107</SimpleData>
						<SimpleData name="turbine_model">GE2.4-107</SimpleData>
						<SimpleData name="xlong">-97.6493</SimpleData>
						<SimpleData name="ylat">36.5997</SimpleData>
					</SchemaData>
				</ExtendedData>
				<Point>
					<coordinates>-97.649292,36.59970500000001,0</coordinates>
				</Point>
			</Placemark>
			<Placemark>
				<styleUrl>#pointStyleMap13</styleUrl>
				<ExtendedData>
					<SchemaData schemaUrl="#S_Chisholm_View_II_SISDDSDD">
						<SimpleData name="tag"></SimpleData>
						<SimpleData name="turbine_id">3054250</SimpleData>
						<SimpleData name="project">Chisholm View II</SimpleData>
						<SimpleData name="hub_height__m_">80</SimpleData>
						<SimpleData name="rotor_diameter__m_">107</SimpleData>
						<SimpleData name="turbine_model">GE2.4-107</SimpleData>
						<SimpleData name="xlong">-97.7132</SimpleData>
						<SimpleData name="ylat">36.5335</SimpleData>
					</SchemaData>
				</ExtendedData>
				<Point>
					<coordinates>-97.71315800000001,36.53353100000002,0</coordinates>
				</Point>
			</Placemark>
			<Placemark>
				<styleUrl>#pointStyleMap13</styleUrl>
				<ExtendedData>
					<SchemaData schemaUrl="#S_Chisholm_View_II_SISDDSDD">
						<SimpleData name="tag"></SimpleData>
						<SimpleData name="turbine_id">3054243</SimpleData>
						<SimpleData name="project">Chisholm View II</SimpleData>
						<SimpleData name="hub_height__m_">80</SimpleData>
						<SimpleData name="rotor_diameter__m_">107</SimpleData>
						<SimpleData name="turbine_model">GE2.4-107</SimpleData>
						<SimpleData name="xlong">-97.6733</SimpleData>
						<SimpleData name="ylat">36.5912</SimpleData>
					</SchemaData>
				</ExtendedData>
				<Point>
					<coordinates>-97.67328599999999,36.59122500000002,0</coordinates>
				</Point>
			</Placemark>
			<Placemark>
				<styleUrl>#pointStyleMap13</styleUrl>
				<ExtendedData>
					<SchemaData schemaUrl="#S_Chisholm_View_II_SISDDSDD">
						<SimpleData name="tag"></SimpleData>
						<SimpleData name="turbine_id">3054248</SimpleData>
						<SimpleData name="project">Chisholm View II</SimpleData>
						<SimpleData name="hub_height__m_">80</SimpleData>
						<SimpleData name="rotor_diameter__m_">107</SimpleData>
						<SimpleData name="turbine_model">GE2.4-107</SimpleData>
						<SimpleData name="xlong">-97.7213</SimpleData>
						<SimpleData name="ylat">36.5373</SimpleData>
					</SchemaData>
				</ExtendedData>
				<Point>
					<coordinates>-97.721321,36.537315,0</coordinates>
				</Point>
			</Placemark>
			<Placemark>
				<styleUrl>#pointStyleMap13</styleUrl>
				<ExtendedData>
					<SchemaData schemaUrl="#S_Chisholm_View_II_SISDDSDD">
						<SimpleData name="tag"></SimpleData>
						<SimpleData name="turbine_id">3054241</SimpleData>
						<SimpleData name="project">Chisholm View II</SimpleData>
						<SimpleData name="hub_height__m_">80</SimpleData>
						<SimpleData name="rotor_diameter__m_">107</SimpleData>
						<SimpleData name="turbine_model">GE2.4-107</SimpleData>
						<SimpleData name="xlong">-97.6657</SimpleData>
						<SimpleData name="ylat">36.5915</SimpleData>
					</SchemaData>
				</ExtendedData>
				<Point>
					<coordinates>-97.66572600000001,36.59152599999998,0</coordinates>
				</Point>
			</Placemark>
			<Placemark>
				<styleUrl>#pointStyleMap13</styleUrl>
				<ExtendedData>
					<SchemaData schemaUrl="#S_Chisholm_View_II_SISDDSDD">
						<SimpleData name="tag"></SimpleData>
						<SimpleData name="turbine_id">3054247</SimpleData>
						<SimpleData name="project">Chisholm View II</SimpleData>
						<SimpleData name="hub_height__m_">80</SimpleData>
						<SimpleData name="rotor_diameter__m_">107</SimpleData>
						<SimpleData name="turbine_model">GE2.4-107</SimpleData>
						<SimpleData name="xlong">-97.7262</SimpleData>
						<SimpleData name="ylat">36.5373</SimpleData>
					</SchemaData>
				</ExtendedData>
				<Point>
					<coordinates>-97.72622699999999,36.53734600000001,0</coordinates>
				</Point>
			</Placemark>
			<Placemark>
				<styleUrl>#pointStyleMap13</styleUrl>
				<ExtendedData>
					<SchemaData schemaUrl="#S_Chisholm_View_II_SISDDSDD">
						<SimpleData name="tag"></SimpleData>
						<SimpleData name="turbine_id">3054239</SimpleData>
						<SimpleData name="project">Chisholm View II</SimpleData>
						<SimpleData name="hub_height__m_">80</SimpleData>
						<SimpleData name="rotor_diameter__m_">107</SimpleData>
						<SimpleData name="turbine_model">GE2.4-107</SimpleData>
						<SimpleData name="xlong">-97.6574</SimpleData>
						<SimpleData name="ylat">36.595</SimpleData>
					</SchemaData>
				</ExtendedData>
				<Point>
					<coordinates>-97.65737900000001,36.59500500000003,0</coordinates>
				</Point>
			</Placemark>
			<Placemark>
				<styleUrl>#pointStyleMap13</styleUrl>
				<ExtendedData>
					<SchemaData schemaUrl="#S_Chisholm_View_II_SISDDSDD">
						<SimpleData name="tag"></SimpleData>
						<SimpleData name="turbine_id">3054262</SimpleData>
						<SimpleData name="project">Chisholm View II</SimpleData>
						<SimpleData name="hub_height__m_">80</SimpleData>
						<SimpleData name="rotor_diameter__m_">107</SimpleData>
						<SimpleData name="turbine_model">GE2.4-107</SimpleData>
						<SimpleData name="xlong">-97.6997</SimpleData>
						<SimpleData name="ylat">36.5246</SimpleData>
					</SchemaData>
				</ExtendedData>
				<Point>
					<coordinates>-97.699669,36.52455499999999,0</coordinates>
				</Point>
			</Placemark>
			<Placemark>
				<styleUrl>#pointStyleMap13</styleUrl>
				<ExtendedData>
					<SchemaData schemaUrl="#S_Chisholm_View_II_SISDDSDD">
						<SimpleData name="tag"></SimpleData>
						<SimpleData name="turbine_id">3054258</SimpleData>
						<SimpleData name="project">Chisholm View II</SimpleData>
						<SimpleData name="hub_height__m_">80</SimpleData>
						<SimpleData name="rotor_diameter__m_">107</SimpleData>
						<SimpleData name="turbine_model">GE2.4-107</SimpleData>
						<SimpleData name="xlong">-97.6801</SimpleData>
						<SimpleData name="ylat">36.6038</SimpleData>
					</SchemaData>
				</ExtendedData>
				<Point>
					<coordinates>-97.68009200000002,36.60378299999999,0</coordinates>
				</Point>
			</Placemark>
			<Placemark>
				<styleUrl>#pointStyleMap13</styleUrl>
				<ExtendedData>
					<SchemaData schemaUrl="#S_Chisholm_View_II_SISDDSDD">
						<SimpleData name="tag"></SimpleData>
						<SimpleData name="turbine_id">3054259</SimpleData>
						<SimpleData name="project">Chisholm View II</SimpleData>
						<SimpleData name="hub_height__m_">80</SimpleData>
						<SimpleData name="rotor_diameter__m_">107</SimpleData>
						<SimpleData name="turbine_model">GE2.4-107</SimpleData>
						<SimpleData name="xlong">-97.638</SimpleData>
						<SimpleData name="ylat">36.5869</SimpleData>
					</SchemaData>
				</ExtendedData>
				<Point>
					<coordinates>-97.637985,36.58690999999999,0</coordinates>
				</Point>
			</Placemark>
			<Placemark>
				<styleUrl>#pointStyleMap13</styleUrl>
				<ExtendedData>
					<SchemaData schemaUrl="#S_Chisholm_View_II_SISDDSDD">
						<SimpleData name="tag"></SimpleData>
						<SimpleData name="turbine_id">3054240</SimpleData>
						<SimpleData name="project">Chisholm View II</SimpleData>
						<SimpleData name="hub_height__m_">80</SimpleData>
						<SimpleData name="rotor_diameter__m_">107</SimpleData>
						<SimpleData name="turbine_model">GE2.4-107</SimpleData>
						<SimpleData name="xlong">-97.6612</SimpleData>
						<SimpleData name="ylat">36.5918</SimpleData>
					</SchemaData>
				</ExtendedData>
				<Point>
					<coordinates>-97.661247,36.59180500000001,0</coordinates>
				</Point>
			</Placemark>
			<Placemark>
				<styleUrl>#pointStyleMap13</styleUrl>
				<ExtendedData>
					<SchemaData schemaUrl="#S_Chisholm_View_II_SISDDSDD">
						<SimpleData name="tag"></SimpleData>
						<SimpleData name="turbine_id">3054254</SimpleData>
						<SimpleData name="project">Chisholm View II</SimpleData>
						<SimpleData name="hub_height__m_">80</SimpleData>
						<SimpleData name="rotor_diameter__m_">107</SimpleData>
						<SimpleData name="turbine_model">GE2.4-107</SimpleData>
						<SimpleData name="xlong">-97.7273</SimpleData>
						<SimpleData name="ylat">36.5124</SimpleData>
					</SchemaData>
				</ExtendedData>
				<Point>
					<coordinates>-97.72729500000001,36.51238299999999,0</coordinates>
				</Point>
			</Placemark>
		</Folder>
	</Document>
	<Document>
		<name>Chisholm_View</name>
		<Schema name="Chisholm_View" id="S_Chisholm_View_SISDDSDD">
			<SimpleField type="string" name="tag"><displayName>&lt;b&gt;tag&lt;/b&gt;</displayName>
</SimpleField>
			<SimpleField type="int" name="turbine_id"><displayName>&lt;b&gt;turbine_id&lt;/b&gt;</displayName>
</SimpleField>
			<SimpleField type="string" name="project"><displayName>&lt;b&gt;project&lt;/b&gt;</displayName>
</SimpleField>
			<SimpleField type="double" name="hub_height__m_"><displayName>&lt;b&gt;hub height (m)&lt;/b&gt;</displayName>
</SimpleField>
			<SimpleField type="double" name="rotor_diameter__m_"><displayName>&lt;b&gt;rotor diameter (m)&lt;/b&gt;</displayName>
</SimpleField>
			<SimpleField type="string" name="turbine_model"><displayName>&lt;b&gt;turbine model&lt;/b&gt;</displayName>
</SimpleField>
			<SimpleField type="double" name="xlong"><displayName>&lt;b&gt;xlong&lt;/b&gt;</displayName>
</SimpleField>
			<SimpleField type="double" name="ylat"><displayName>&lt;b&gt;ylat&lt;/b&gt;</displayName>
</SimpleField>
		</Schema>
		<Style id="hlightPointStyle14">
			<IconStyle>
				<color>ff000000</color>
				<scale>0.6</scale>
				<Icon>
					<href>files/blackdot_1_0_0_0_1_0.png</href>
				</Icon>
				<hotSpot x="0.5" y="0.5" xunits="fraction" yunits="fraction"/>
			</IconStyle>
			<BalloonStyle>
				<text><![CDATA[<table border="0">
  <tr><td><b>tag</b></td><td>$[Blackwell/tag]</td></tr>
  <tr><td><b>turbine_id</b></td><td>$[Blackwell/turbine_id]</td></tr>
  <tr><td><b>project</b></td><td>$[Blackwell/project]</td></tr>
  <tr><td><b>hub height (m)</b></td><td>$[Blackwell/hub_height__m_]</td></tr>
  <tr><td><b>rotor diameter (m)</b></td><td>$[Blackwell/rotor_diameter__m_]</td></tr>
  <tr><td><b>turbine model</b></td><td>$[Blackwell/turbine_model]</td></tr>
  <tr><td><b>xlong</b></td><td>$[Blackwell/xlong]</td></tr>
  <tr><td><b>ylat</b></td><td>$[Blackwell/ylat]</td></tr>
</table>]]></text>
			</BalloonStyle>
		</Style>
		<Style id="normPointStyle14">
			<IconStyle>
				<color>ff000000</color>
				<scale>0.6</scale>
				<Icon>
					<href>files/blackdot_1_0_0_0_1_0.png</href>
				</Icon>
				<hotSpot x="0.5" y="0.5" xunits="fraction" yunits="fraction"/>
			</IconStyle>
			<BalloonStyle>
				<text><![CDATA[<table border="0">
  <tr><td><b>tag</b></td><td>$[Blackwell/tag]</td></tr>
  <tr><td><b>turbine_id</b></td><td>$[Blackwell/turbine_id]</td></tr>
  <tr><td><b>project</b></td><td>$[Blackwell/project]</td></tr>
  <tr><td><b>hub height (m)</b></td><td>$[Blackwell/hub_height__m_]</td></tr>
  <tr><td><b>rotor diameter (m)</b></td><td>$[Blackwell/rotor_diameter__m_]</td></tr>
  <tr><td><b>turbine model</b></td><td>$[Blackwell/turbine_model]</td></tr>
  <tr><td><b>xlong</b></td><td>$[Blackwell/xlong]</td></tr>
  <tr><td><b>ylat</b></td><td>$[Blackwell/ylat]</td></tr>
</table>]]></text>
			</BalloonStyle>
		</Style>
		<StyleMap id="pointStyleMap14">
			<Pair>
				<key>normal</key>
				<styleUrl>#normPointStyle14</styleUrl>
			</Pair>
			<Pair>
				<key>highlight</key>
				<styleUrl>#hlightPointStyle14</styleUrl>
			</Pair>
		</StyleMap>
		<Folder id="layer 0">
			<name>Chisholm_View</name>
			<Placemark>
				<name>Chisholm View</name>
				<styleUrl>#pointStyleMap14</styleUrl>
				<ExtendedData>
					<SchemaData schemaUrl="#S_Chisholm_View_SISDDSDD">
						<SimpleData name="tag">Chisholm View</SimpleData>
						<SimpleData name="turbine_id">3040695</SimpleData>
						<SimpleData name="project">Chisholm View</SimpleData>
						<SimpleData name="hub_height__m_">80</SimpleData>
						<SimpleData name="rotor_diameter__m_">82.5</SimpleData>
						<SimpleData name="turbine_model">GE1.68-82.5</SimpleData>
						<SimpleData name="xlong">-97.713</SimpleData>
						<SimpleData name="ylat">36.5717</SimpleData>
					</SchemaData>
				</ExtendedData>
				<Point>
					<coordinates>-97.71299,36.571693,0</coordinates>
				</Point>
			</Placemark>
			<Placemark>
				<styleUrl>#pointStyleMap14</styleUrl>
				<ExtendedData>
					<SchemaData schemaUrl="#S_Chisholm_View_SISDDSDD">
						<SimpleData name="tag"></SimpleData>
						<SimpleData name="turbine_id">3040713</SimpleData>
						<SimpleData name="project">Chisholm View</SimpleData>
						<SimpleData name="hub_height__m_">80</SimpleData>
						<SimpleData name="rotor_diameter__m_">82.5</SimpleData>
						<SimpleData name="turbine_model">GE1.68-82.5</SimpleData>
						<SimpleData name="xlong">-97.628</SimpleData>
						<SimpleData name="ylat">36.5819</SimpleData>
					</SchemaData>
				</ExtendedData>
				<Point>
					<coordinates>-97.62799099999998,36.58189399999999,0</coordinates>
				</Point>
			</Placemark>
			<Placemark>
				<styleUrl>#pointStyleMap14</styleUrl>
				<ExtendedData>
					<SchemaData schemaUrl="#S_Chisholm_View_SISDDSDD">
						<SimpleData name="tag"></SimpleData>
						<SimpleData name="turbine_id">3040725</SimpleData>
						<SimpleData name="project">Chisholm View</SimpleData>
						<SimpleData name="hub_height__m_">80</SimpleData>
						<SimpleData name="rotor_diameter__m_">82.5</SimpleData>
						<SimpleData name="turbine_model">GE1.68-82.5</SimpleData>
						<SimpleData name="xlong">-97.5705</SimpleData>
						<SimpleData name="ylat">36.5914</SimpleData>
					</SchemaData>
				</ExtendedData>
				<Point>
					<coordinates>-97.57049600000001,36.59139299999997,0</coordinates>
				</Point>
			</Placemark>
			<Placemark>
				<styleUrl>#pointStyleMap14</styleUrl>
				<ExtendedData>
					<SchemaData schemaUrl="#S_Chisholm_View_SISDDSDD">
						<SimpleData name="tag"></SimpleData>
						<SimpleData name="turbine_id">3040671</SimpleData>
						<SimpleData name="project">Chisholm View</SimpleData>
						<SimpleData name="hub_height__m_">80</SimpleData>
						<SimpleData name="rotor_diameter__m_">82.5</SimpleData>
						<SimpleData name="turbine_model">GE1.68-82.5</SimpleData>
						<SimpleData name="xlong">-97.8073</SimpleData>
						<SimpleData name="ylat">36.5673</SimpleData>
					</SchemaData>
				</ExtendedData>
				<Point>
					<coordinates>-97.807289,36.56729500000002,0</coordinates>
				</Point>
			</Placemark>
			<Placemark>
				<styleUrl>#pointStyleMap14</styleUrl>
				<ExtendedData>
					<SchemaData schemaUrl="#S_Chisholm_View_SISDDSDD">
						<SimpleData name="tag"></SimpleData>
						<SimpleData name="turbine_id">3040694</SimpleData>
						<SimpleData name="project">Chisholm View</SimpleData>
						<SimpleData name="hub_height__m_">80</SimpleData>
						<SimpleData name="rotor_diameter__m_">82.5</SimpleData>
						<SimpleData name="turbine_model">GE1.68-82.5</SimpleData>
						<SimpleData name="xlong">-97.7167</SimpleData>
						<SimpleData name="ylat">36.5711</SimpleData>
					</SchemaData>
				</ExtendedData>
				<Point>
					<coordinates>-97.71669,36.571095,0</coordinates>
				</Point>
			</Placemark>
			<Placemark>
				<styleUrl>#pointStyleMap14</styleUrl>
				<ExtendedData>
					<SchemaData schemaUrl="#S_Chisholm_View_SISDDSDD">
						<SimpleData name="tag"></SimpleData>
						<SimpleData name="turbine_id">3040758</SimpleData>
						<SimpleData name="project">Chisholm View</SimpleData>
						<SimpleData name="hub_height__m_">80</SimpleData>
						<SimpleData name="rotor_diameter__m_">82.5</SimpleData>
						<SimpleData name="turbine_model">GE1.68-82.5</SimpleData>
						<SimpleData name="xlong">-97.6826</SimpleData>
						<SimpleData name="ylat">36.5507</SimpleData>
					</SchemaData>
				</ExtendedData>
				<Point>
					<coordinates>-97.68259399999999,36.55069399999999,0</coordinates>
				</Point>
			</Placemark>
			<Placemark>
				<styleUrl>#pointStyleMap14</styleUrl>
				<ExtendedData>
					<SchemaData schemaUrl="#S_Chisholm_View_SISDDSDD">
						<SimpleData name="tag"></SimpleData>
						<SimpleData name="turbine_id">3040653</SimpleData>
						<SimpleData name="project">Chisholm View</SimpleData>
						<SimpleData name="hub_height__m_">80</SimpleData>
						<SimpleData name="rotor_diameter__m_">82.5</SimpleData>
						<SimpleData name="turbine_model">GE1.68-82.5</SimpleData>
						<SimpleData name="xlong">-97.763</SimpleData>
						<SimpleData name="ylat">36.5961</SimpleData>
					</SchemaData>
				</ExtendedData>
				<Point>
					<coordinates>-97.76299299999999,36.596092,0</coordinates>
				</Point>
			</Placemark>
			<Placemark>
				<styleUrl>#pointStyleMap14</styleUrl>
				<ExtendedData>
					<SchemaData schemaUrl="#S_Chisholm_View_SISDDSDD">
						<SimpleData name="tag"></SimpleData>
						<SimpleData name="turbine_id">3040684</SimpleData>
						<SimpleData name="project">Chisholm View</SimpleData>
						<SimpleData name="hub_height__m_">80</SimpleData>
						<SimpleData name="rotor_diameter__m_">82.5</SimpleData>
						<SimpleData name="turbine_model">GE1.68-82.5</SimpleData>
						<SimpleData name="xlong">-97.7636</SimpleData>
						<SimpleData name="ylat">36.57</SimpleData>
					</SchemaData>
				</ExtendedData>
				<Point>
					<coordinates>-97.76359600000001,36.569996,0</coordinates>
				</Point>
			</Placemark>
			<Placemark>
				<styleUrl>#pointStyleMap14</styleUrl>
				<ExtendedData>
					<SchemaData schemaUrl="#S_Chisholm_View_SISDDSDD">
						<SimpleData name="tag"></SimpleData>
						<SimpleData name="turbine_id">3040752</SimpleData>
						<SimpleData name="project">Chisholm View</SimpleData>
						<SimpleData name="hub_height__m_">80</SimpleData>
						<SimpleData name="rotor_diameter__m_">82.5</SimpleData>
						<SimpleData name="turbine_model">GE1.68-82.5</SimpleData>
						<SimpleData name="xlong">-97.7056</SimpleData>
						<SimpleData name="ylat">36.5592</SimpleData>
					</SchemaData>
				</ExtendedData>
				<Point>
					<coordinates>-97.705589,36.559193,0</coordinates>
				</Point>
			</Placemark>
			<Placemark>
				<styleUrl>#pointStyleMap14</styleUrl>
				<ExtendedData>
					<SchemaData schemaUrl="#S_Chisholm_View_SISDDSDD">
						<SimpleData name="tag"></SimpleData>
						<SimpleData name="turbine_id">3040701</SimpleData>
						<SimpleData name="project">Chisholm View</SimpleData>
						<SimpleData name="hub_height__m_">80</SimpleData>
						<SimpleData name="rotor_diameter__m_">82.5</SimpleData>
						<SimpleData name="turbine_model">GE1.68-82.5</SimpleData>
						<SimpleData name="xlong">-97.6794</SimpleData>
						<SimpleData name="ylat">36.5802</SimpleData>
					</SchemaData>
				</ExtendedData>
				<Point>
					<coordinates>-97.67939,36.58019300000002,0</coordinates>
				</Point>
			</Placemark>
			<Placemark>
				<styleUrl>#pointStyleMap14</styleUrl>
				<ExtendedData>
					<SchemaData schemaUrl="#S_Chisholm_View_SISDDSDD">
						<SimpleData name="tag"></SimpleData>
						<SimpleData name="turbine_id">3040784</SimpleData>
						<SimpleData name="project">Chisholm View</SimpleData>
						<SimpleData name="hub_height__m_">80</SimpleData>
						<SimpleData name="rotor_diameter__m_">82.5</SimpleData>
						<SimpleData name="turbine_model">GE1.68-82.5</SimpleData>
						<SimpleData name="xlong">-97.7839</SimpleData>
						<SimpleData name="ylat">36.5969</SimpleData>
					</SchemaData>
				</ExtendedData>
				<Point>
					<coordinates>-97.78389000000001,36.59689300000001,0</coordinates>
				</Point>
			</Placemark>
			<Placemark>
				<styleUrl>#pointStyleMap14</styleUrl>
				<ExtendedData>
					<SchemaData schemaUrl="#S_Chisholm_View_SISDDSDD">
						<SimpleData name="tag"></SimpleData>
						<SimpleData name="turbine_id">3040768</SimpleData>
						<SimpleData name="project">Chisholm View</SimpleData>
						<SimpleData name="hub_height__m_">80</SimpleData>
						<SimpleData name="rotor_diameter__m_">82.5</SimpleData>
						<SimpleData name="turbine_model">GE1.68-82.5</SimpleData>
						<SimpleData name="xlong">-97.72</SimpleData>
						<SimpleData name="ylat">36.587</SimpleData>
					</SchemaData>
				</ExtendedData>
				<Point>
					<coordinates>-97.719994,36.58699400000003,0</coordinates>
				</Point>
			</Placemark>
			<Placemark>
				<styleUrl>#pointStyleMap14</styleUrl>
				<ExtendedData>
					<SchemaData schemaUrl="#S_Chisholm_View_SISDDSDD">
						<SimpleData name="tag"></SimpleData>
						<SimpleData name="turbine_id">3040740</SimpleData>
						<SimpleData name="project">Chisholm View</SimpleData>
						<SimpleData name="hub_height__m_">80</SimpleData>
						<SimpleData name="rotor_diameter__m_">82.5</SimpleData>
						<SimpleData name="turbine_model">GE1.68-82.5</SimpleData>
						<SimpleData name="xlong">-97.7504</SimpleData>
						<SimpleData name="ylat">36.5516</SimpleData>
					</SchemaData>
				</ExtendedData>
				<Point>
					<coordinates>-97.75038899999998,36.55159399999999,0</coordinates>
				</Point>
			</Placemark>
			<Placemark>
				<styleUrl>#pointStyleMap14</styleUrl>
				<ExtendedData>
					<SchemaData schemaUrl="#S_Chisholm_View_SISDDSDD">
						<SimpleData name="tag"></SimpleData>
						<SimpleData name="turbine_id">3040748</SimpleData>
						<SimpleData name="project">Chisholm View</SimpleData>
						<SimpleData name="hub_height__m_">80</SimpleData>
						<SimpleData name="rotor_diameter__m_">82.5</SimpleData>
						<SimpleData name="turbine_model">GE1.68-82.5</SimpleData>
						<SimpleData name="xlong">-97.7198</SimpleData>
						<SimpleData name="ylat">36.5548</SimpleData>
					</SchemaData>
				</ExtendedData>
				<Point>
					<coordinates>-97.719795,36.55479400000002,0</coordinates>
				</Point>
			</Placemark>
			<Placemark>
				<styleUrl>#pointStyleMap14</styleUrl>
				<ExtendedData>
					<SchemaData schemaUrl="#S_Chisholm_View_SISDDSDD">
						<SimpleData name="tag"></SimpleData>
						<SimpleData name="turbine_id">3044171</SimpleData>
						<SimpleData name="project">Chisholm View</SimpleData>
						<SimpleData name="hub_height__m_">80</SimpleData>
						<SimpleData name="rotor_diameter__m_">82.5</SimpleData>
						<SimpleData name="turbine_model">GE1.68-82.5</SimpleData>
						<SimpleData name="xlong">-97.6362</SimpleData>
						<SimpleData name="ylat">36.6032</SimpleData>
					</SchemaData>
				</ExtendedData>
				<Point>
					<coordinates>-97.63619200000001,36.60319500000001,0</coordinates>
				</Point>
			</Placemark>
			<Placemark>
				<styleUrl>#pointStyleMap14</styleUrl>
				<ExtendedData>
					<SchemaData schemaUrl="#S_Chisholm_View_SISDDSDD">
						<SimpleData name="tag"></SimpleData>
						<SimpleData name="turbine_id">3040770</SimpleData>
						<SimpleData name="project">Chisholm View</SimpleData>
						<SimpleData name="hub_height__m_">80</SimpleData>
						<SimpleData name="rotor_diameter__m_">82.5</SimpleData>
						<SimpleData name="turbine_model">GE1.68-82.5</SimpleData>
						<SimpleData name="xlong">-97.7126</SimpleData>
						<SimpleData name="ylat">36.5889</SimpleData>
					</SchemaData>
				</ExtendedData>
				<Point>
					<coordinates>-97.71259299999998,36.588894,0</coordinates>
				</Point>
			</Placemark>
			<Placemark>
				<styleUrl>#pointStyleMap14</styleUrl>
				<ExtendedData>
					<SchemaData schemaUrl="#S_Chisholm_View_SISDDSDD">
						<SimpleData name="tag"></SimpleData>
						<SimpleData name="turbine_id">3040672</SimpleData>
						<SimpleData name="project">Chisholm View</SimpleData>
						<SimpleData name="hub_height__m_">80</SimpleData>
						<SimpleData name="rotor_diameter__m_">82.5</SimpleData>
						<SimpleData name="turbine_model">GE1.68-82.5</SimpleData>
						<SimpleData name="xlong">-97.8036</SimpleData>
						<SimpleData name="ylat">36.5671</SimpleData>
					</SchemaData>
				</ExtendedData>
				<Point>
					<coordinates>-97.80358900000002,36.56709300000001,0</coordinates>
				</Point>
			</Placemark>
			<Placemark>
				<styleUrl>#pointStyleMap14</styleUrl>
				<ExtendedData>
					<SchemaData schemaUrl="#S_Chisholm_View_SISDDSDD">
						<SimpleData name="tag"></SimpleData>
						<SimpleData name="turbine_id">3040715</SimpleData>
						<SimpleData name="project">Chisholm View</SimpleData>
						<SimpleData name="hub_height__m_">80</SimpleData>
						<SimpleData name="rotor_diameter__m_">82.5</SimpleData>
						<SimpleData name="turbine_model">GE1.68-82.5</SimpleData>
						<SimpleData name="xlong">-97.6204</SimpleData>
						<SimpleData name="ylat">36.5806</SimpleData>
					</SchemaData>
				</ExtendedData>
				<Point>
					<coordinates>-97.620392,36.58059299999998,0</coordinates>
				</Point>
			</Placemark>
			<Placemark>
				<styleUrl>#pointStyleMap14</styleUrl>
				<ExtendedData>
					<SchemaData schemaUrl="#S_Chisholm_View_SISDDSDD">
						<SimpleData name="tag"></SimpleData>
						<SimpleData name="turbine_id">3040679</SimpleData>
						<SimpleData name="project">Chisholm View</SimpleData>
						<SimpleData name="hub_height__m_">80</SimpleData>
						<SimpleData name="rotor_diameter__m_">82.5</SimpleData>
						<SimpleData name="turbine_model">GE1.68-82.5</SimpleData>
						<SimpleData name="xlong">-97.7808</SimpleData>
						<SimpleData name="ylat">36.5603</SimpleData>
					</SchemaData>
				</ExtendedData>
				<Point>
					<coordinates>-97.78079199999999,36.56029500000001,0</coordinates>
				</Point>
			</Placemark>
			<Placemark>
				<styleUrl>#pointStyleMap14</styleUrl>
				<ExtendedData>
					<SchemaData schemaUrl="#S_Chisholm_View_SISDDSDD">
						<SimpleData name="tag"></SimpleData>
						<SimpleData name="turbine_id">3040674</SimpleData>
						<SimpleData name="project">Chisholm View</SimpleData>
						<SimpleData name="hub_height__m_">80</SimpleData>
						<SimpleData name="rotor_diameter__m_">82.5</SimpleData>
						<SimpleData name="turbine_model">GE1.68-82.5</SimpleData>
						<SimpleData name="xlong">-97.7948</SimpleData>
						<SimpleData name="ylat">36.5691</SimpleData>
					</SchemaData>
				</ExtendedData>
				<Point>
					<coordinates>-97.794792,36.56909599999999,0</coordinates>
				</Point>
			</Placemark>
			<Placemark>
				<styleUrl>#pointStyleMap14</styleUrl>
				<ExtendedData>
					<SchemaData schemaUrl="#S_Chisholm_View_SISDDSDD">
						<SimpleData name="tag"></SimpleData>
						<SimpleData name="turbine_id">3040717</SimpleData>
						<SimpleData name="project">Chisholm View</SimpleData>
						<SimpleData name="hub_height__m_">80</SimpleData>
						<SimpleData name="rotor_diameter__m_">82.5</SimpleData>
						<SimpleData name="turbine_model">GE1.68-82.5</SimpleData>
						<SimpleData name="xlong">-97.6129</SimpleData>
						<SimpleData name="ylat">36.5869</SimpleData>
					</SchemaData>
				</ExtendedData>
				<Point>
					<coordinates>-97.61289200000002,36.58689499999998,0</coordinates>
				</Point>
			</Placemark>
			<Placemark>
				<styleUrl>#pointStyleMap14</styleUrl>
				<ExtendedData>
					<SchemaData schemaUrl="#S_Chisholm_View_SISDDSDD">
						<SimpleData name="tag"></SimpleData>
						<SimpleData name="turbine_id">3040787</SimpleData>
						<SimpleData name="project">Chisholm View</SimpleData>
						<SimpleData name="hub_height__m_">80</SimpleData>
						<SimpleData name="rotor_diameter__m_">82.5</SimpleData>
						<SimpleData name="turbine_model">GE1.68-82.5</SimpleData>
						<SimpleData name="xlong">-97.7237</SimpleData>
						<SimpleData name="ylat">36.5867</SimpleData>
					</SchemaData>
				</ExtendedData>
				<Point>
					<coordinates>-97.72369399999998,36.58669299999998,0</coordinates>
				</Point>
			</Placemark>
			<Placemark>
				<styleUrl>#pointStyleMap14</styleUrl>
				<ExtendedData>
					<SchemaData schemaUrl="#S_Chisholm_View_SISDDSDD">
						<SimpleData name="tag"></SimpleData>
						<SimpleData name="turbine_id">3040660</SimpleData>
						<SimpleData name="project">Chisholm View</SimpleData>
						<SimpleData name="hub_height__m_">80</SimpleData>
						<SimpleData name="rotor_diameter__m_">82.5</SimpleData>
						<SimpleData name="turbine_model">GE1.68-82.5</SimpleData>
						<SimpleData name="xlong">-97.7374</SimpleData>
						<SimpleData name="ylat">36.5992</SimpleData>
					</SchemaData>
				</ExtendedData>
				<Point>
					<coordinates>-97.73738899999998,36.59919400000003,0</coordinates>
				</Point>
			</Placemark>
			<Placemark>
				<styleUrl>#pointStyleMap14</styleUrl>
				<ExtendedData>
					<SchemaData schemaUrl="#S_Chisholm_View_SISDDSDD">
						<SimpleData name="tag"></SimpleData>
						<SimpleData name="turbine_id">3040759</SimpleData>
						<SimpleData name="project">Chisholm View</SimpleData>
						<SimpleData name="hub_height__m_">80</SimpleData>
						<SimpleData name="rotor_diameter__m_">82.5</SimpleData>
						<SimpleData name="turbine_model">GE1.68-82.5</SimpleData>
						<SimpleData name="xlong">-97.678</SimpleData>
						<SimpleData name="ylat">36.5516</SimpleData>
					</SchemaData>
				</ExtendedData>
				<Point>
					<coordinates>-97.677994,36.55159399999999,0</coordinates>
				</Point>
			</Placemark>
			<Placemark>
				<styleUrl>#pointStyleMap14</styleUrl>
				<ExtendedData>
					<SchemaData schemaUrl="#S_Chisholm_View_SISDDSDD">
						<SimpleData name="tag"></SimpleData>
						<SimpleData name="turbine_id">3040761</SimpleData>
						<SimpleData name="project">Chisholm View</SimpleData>
						<SimpleData name="hub_height__m_">80</SimpleData>
						<SimpleData name="rotor_diameter__m_">82.5</SimpleData>
						<SimpleData name="turbine_model">GE1.68-82.5</SimpleData>
						<SimpleData name="xlong">-97.6681</SimpleData>
						<SimpleData name="ylat">36.5443</SimpleData>
					</SchemaData>
				</ExtendedData>
				<Point>
					<coordinates>-97.668091,36.54429199999998,0</coordinates>
				</Point>
			</Placemark>
			<Placemark>
				<styleUrl>#pointStyleMap14</styleUrl>
				<ExtendedData>
					<SchemaData schemaUrl="#S_Chisholm_View_SISDDSDD">
						<SimpleData name="tag"></SimpleData>
						<SimpleData name="turbine_id">3040741</SimpleData>
						<SimpleData name="project">Chisholm View</SimpleData>
						<SimpleData name="hub_height__m_">80</SimpleData>
						<SimpleData name="rotor_diameter__m_">82.5</SimpleData>
						<SimpleData name="turbine_model">GE1.68-82.5</SimpleData>
						<SimpleData name="xlong">-97.7452</SimpleData>
						<SimpleData name="ylat">36.5516</SimpleData>
					</SchemaData>
				</ExtendedData>
				<Point>
					<coordinates>-97.745193,36.55159399999999,0</coordinates>
				</Point>
			</Placemark>
			<Placemark>
				<styleUrl>#pointStyleMap14</styleUrl>
				<ExtendedData>
					<SchemaData schemaUrl="#S_Chisholm_View_SISDDSDD">
						<SimpleData name="tag"></SimpleData>
						<SimpleData name="turbine_id">3040681</SimpleData>
						<SimpleData name="project">Chisholm View</SimpleData>
						<SimpleData name="hub_height__m_">80</SimpleData>
						<SimpleData name="rotor_diameter__m_">82.5</SimpleData>
						<SimpleData name="turbine_model">GE1.68-82.5</SimpleData>
						<SimpleData name="xlong">-97.775</SimpleData>
						<SimpleData name="ylat">36.5692</SimpleData>
					</SchemaData>
				</ExtendedData>
				<Point>
					<coordinates>-97.77499399999999,36.56919499999999,0</coordinates>
				</Point>
			</Placemark>
			<Placemark>
				<styleUrl>#pointStyleMap14</styleUrl>
				<ExtendedData>
					<SchemaData schemaUrl="#S_Chisholm_View_SISDDSDD">
						<SimpleData name="tag"></SimpleData>
						<SimpleData name="turbine_id">3040667</SimpleData>
						<SimpleData name="project">Chisholm View</SimpleData>
						<SimpleData name="hub_height__m_">80</SimpleData>
						<SimpleData name="rotor_diameter__m_">82.5</SimpleData>
						<SimpleData name="turbine_model">GE1.68-82.5</SimpleData>
						<SimpleData name="xlong">-97.7453</SimpleData>
						<SimpleData name="ylat">36.5843</SimpleData>
					</SchemaData>
				</ExtendedData>
				<Point>
					<coordinates>-97.745293,36.584293,0</coordinates>
				</Point>
			</Placemark>
			<Placemark>
				<styleUrl>#pointStyleMap14</styleUrl>
				<ExtendedData>
					<SchemaData schemaUrl="#S_Chisholm_View_SISDDSDD">
						<SimpleData name="tag"></SimpleData>
						<SimpleData name="turbine_id">3040747</SimpleData>
						<SimpleData name="project">Chisholm View</SimpleData>
						<SimpleData name="hub_height__m_">80</SimpleData>
						<SimpleData name="rotor_diameter__m_">82.5</SimpleData>
						<SimpleData name="turbine_model">GE1.68-82.5</SimpleData>
						<SimpleData name="xlong">-97.7235</SimpleData>
						<SimpleData name="ylat">36.5547</SimpleData>
					</SchemaData>
				</ExtendedData>
				<Point>
					<coordinates>-97.723495,36.55469500000002,0</coordinates>
				</Point>
			</Placemark>
			<Placemark>
				<styleUrl>#pointStyleMap14</styleUrl>
				<ExtendedData>
					<SchemaData schemaUrl="#S_Chisholm_View_SISDDSDD">
						<SimpleData name="tag"></SimpleData>
						<SimpleData name="turbine_id">3040767</SimpleData>
						<SimpleData name="project">Chisholm View</SimpleData>
						<SimpleData name="hub_height__m_">80</SimpleData>
						<SimpleData name="rotor_diameter__m_">82.5</SimpleData>
						<SimpleData name="turbine_model">GE1.68-82.5</SimpleData>
						<SimpleData name="xlong">-97.7269</SimpleData>
						<SimpleData name="ylat">36.5844</SimpleData>
					</SchemaData>
				</ExtendedData>
				<Point>
					<coordinates>-97.72689099999999,36.58439300000001,0</coordinates>
				</Point>
			</Placemark>
			<Placemark>
				<styleUrl>#pointStyleMap14</styleUrl>
				<ExtendedData>
					<SchemaData schemaUrl="#S_Chisholm_View_SISDDSDD">
						<SimpleData name="tag"></SimpleData>
						<SimpleData name="turbine_id">3040696</SimpleData>
						<SimpleData name="project">Chisholm View</SimpleData>
						<SimpleData name="hub_height__m_">80</SimpleData>
						<SimpleData name="rotor_diameter__m_">82.5</SimpleData>
						<SimpleData name="turbine_model">GE1.68-82.5</SimpleData>
						<SimpleData name="xlong">-97.7052</SimpleData>
						<SimpleData name="ylat">36.5805</SimpleData>
					</SchemaData>
				</ExtendedData>
				<Point>
					<coordinates>-97.70519299999999,36.58049399999998,0</coordinates>
				</Point>
			</Placemark>
			<Placemark>
				<styleUrl>#pointStyleMap14</styleUrl>
				<ExtendedData>
					<SchemaData schemaUrl="#S_Chisholm_View_SISDDSDD">
						<SimpleData name="tag"></SimpleData>
						<SimpleData name="turbine_id">3040699</SimpleData>
						<SimpleData name="project">Chisholm View</SimpleData>
						<SimpleData name="hub_height__m_">80</SimpleData>
						<SimpleData name="rotor_diameter__m_">82.5</SimpleData>
						<SimpleData name="turbine_model">GE1.68-82.5</SimpleData>
						<SimpleData name="xlong">-97.6909</SimpleData>
						<SimpleData name="ylat">36.582</SimpleData>
					</SchemaData>
				</ExtendedData>
				<Point>
					<coordinates>-97.69089500000001,36.58199300000003,0</coordinates>
				</Point>
			</Placemark>
			<Placemark>
				<styleUrl>#pointStyleMap14</styleUrl>
				<ExtendedData>
					<SchemaData schemaUrl="#S_Chisholm_View_SISDDSDD">
						<SimpleData name="tag"></SimpleData>
						<SimpleData name="turbine_id">3040700</SimpleData>
						<SimpleData name="project">Chisholm View</SimpleData>
						<SimpleData name="hub_height__m_">80</SimpleData>
						<SimpleData name="rotor_diameter__m_">82.5</SimpleData>
						<SimpleData name="turbine_model">GE1.68-82.5</SimpleData>
						<SimpleData name="xlong">-97.6864</SimpleData>
						<SimpleData name="ylat">36.5799</SimpleData>
					</SchemaData>
				</ExtendedData>
				<Point>
					<coordinates>-97.68639400000002,36.57989499999998,0</coordinates>
				</Point>
			</Placemark>
			<Placemark>
				<styleUrl>#pointStyleMap14</styleUrl>
				<ExtendedData>
					<SchemaData schemaUrl="#S_Chisholm_View_SISDDSDD">
						<SimpleData name="tag"></SimpleData>
						<SimpleData name="turbine_id">3040737</SimpleData>
						<SimpleData name="project">Chisholm View</SimpleData>
						<SimpleData name="hub_height__m_">80</SimpleData>
						<SimpleData name="rotor_diameter__m_">82.5</SimpleData>
						<SimpleData name="turbine_model">GE1.68-82.5</SimpleData>
						<SimpleData name="xlong">-97.7626</SimpleData>
						<SimpleData name="ylat">36.5516</SimpleData>
					</SchemaData>
				</ExtendedData>
				<Point>
					<coordinates>-97.76258900000001,36.55159399999999,0</coordinates>
				</Point>
			</Placemark>
			<Placemark>
				<styleUrl>#pointStyleMap14</styleUrl>
				<ExtendedData>
					<SchemaData schemaUrl="#S_Chisholm_View_SISDDSDD">
						<SimpleData name="tag"></SimpleData>
						<SimpleData name="turbine_id">3040698</SimpleData>
						<SimpleData name="project">Chisholm View</SimpleData>
						<SimpleData name="hub_height__m_">80</SimpleData>
						<SimpleData name="rotor_diameter__m_">82.5</SimpleData>
						<SimpleData name="turbine_model">GE1.68-82.5</SimpleData>
						<SimpleData name="xlong">-97.698</SimpleData>
						<SimpleData name="ylat">36.5772</SimpleData>
					</SchemaData>
				</ExtendedData>
				<Point>
					<coordinates>-97.69799,36.577194,0</coordinates>
				</Point>
			</Placemark>
			<Placemark>
				<styleUrl>#pointStyleMap14</styleUrl>
				<ExtendedData>
					<SchemaData schemaUrl="#S_Chisholm_View_SISDDSDD">
						<SimpleData name="tag"></SimpleData>
						<SimpleData name="turbine_id">3040766</SimpleData>
						<SimpleData name="project">Chisholm View</SimpleData>
						<SimpleData name="hub_height__m_">80</SimpleData>
						<SimpleData name="rotor_diameter__m_">82.5</SimpleData>
						<SimpleData name="turbine_model">GE1.68-82.5</SimpleData>
						<SimpleData name="xlong">-97.5352</SimpleData>
						<SimpleData name="ylat">36.591</SimpleData>
					</SchemaData>
				</ExtendedData>
				<Point>
					<coordinates>-97.535194,36.59099599999998,0</coordinates>
				</Point>
			</Placemark>
			<Placemark>
				<styleUrl>#pointStyleMap14</styleUrl>
				<ExtendedData>
					<SchemaData schemaUrl="#S_Chisholm_View_SISDDSDD">
						<SimpleData name="tag"></SimpleData>
						<SimpleData name="turbine_id">3040718</SimpleData>
						<SimpleData name="project">Chisholm View</SimpleData>
						<SimpleData name="hub_height__m_">80</SimpleData>
						<SimpleData name="rotor_diameter__m_">82.5</SimpleData>
						<SimpleData name="turbine_model">GE1.68-82.5</SimpleData>
						<SimpleData name="xlong">-97.6087</SimpleData>
						<SimpleData name="ylat">36.5868</SimpleData>
					</SchemaData>
				</ExtendedData>
				<Point>
					<coordinates>-97.60868800000001,36.58679599999999,0</coordinates>
				</Point>
			</Placemark>
			<Placemark>
				<styleUrl>#pointStyleMap14</styleUrl>
				<ExtendedData>
					<SchemaData schemaUrl="#S_Chisholm_View_SISDDSDD">
						<SimpleData name="tag"></SimpleData>
						<SimpleData name="turbine_id">3040749</SimpleData>
						<SimpleData name="project">Chisholm View</SimpleData>
						<SimpleData name="hub_height__m_">80</SimpleData>
						<SimpleData name="rotor_diameter__m_">82.5</SimpleData>
						<SimpleData name="turbine_model">GE1.68-82.5</SimpleData>
						<SimpleData name="xlong">-97.7163</SimpleData>
						<SimpleData name="ylat">36.5543</SimpleData>
					</SchemaData>
				</ExtendedData>
				<Point>
					<coordinates>-97.71629299999999,36.55429500000001,0</coordinates>
				</Point>
			</Placemark>
			<Placemark>
				<styleUrl>#pointStyleMap14</styleUrl>
				<ExtendedData>
					<SchemaData schemaUrl="#S_Chisholm_View_SISDDSDD">
						<SimpleData name="tag"></SimpleData>
						<SimpleData name="turbine_id">3040687</SimpleData>
						<SimpleData name="project">Chisholm View</SimpleData>
						<SimpleData name="hub_height__m_">80</SimpleData>
						<SimpleData name="rotor_diameter__m_">82.5</SimpleData>
						<SimpleData name="turbine_model">GE1.68-82.5</SimpleData>
						<SimpleData name="xlong">-97.752</SimpleData>
						<SimpleData name="ylat">36.5674</SimpleData>
					</SchemaData>
				</ExtendedData>
				<Point>
					<coordinates>-97.751991,36.56739400000001,0</coordinates>
				</Point>
			</Placemark>
			<Placemark>
				<styleUrl>#pointStyleMap14</styleUrl>
				<ExtendedData>
					<SchemaData schemaUrl="#S_Chisholm_View_SISDDSDD">
						<SimpleData name="tag"></SimpleData>
						<SimpleData name="turbine_id">3040742</SimpleData>
						<SimpleData name="project">Chisholm View</SimpleData>
						<SimpleData name="hub_height__m_">80</SimpleData>
						<SimpleData name="rotor_diameter__m_">82.5</SimpleData>
						<SimpleData name="turbine_model">GE1.68-82.5</SimpleData>
						<SimpleData name="xlong">-97.7419</SimpleData>
						<SimpleData name="ylat">36.5519</SimpleData>
					</SchemaData>
				</ExtendedData>
				<Point>
					<coordinates>-97.74189000000001,36.55189499999999,0</coordinates>
				</Point>
			</Placemark>
			<Placemark>
				<styleUrl>#pointStyleMap14</styleUrl>
				<ExtendedData>
					<SchemaData schemaUrl="#S_Chisholm_View_SISDDSDD">
						<SimpleData name="tag"></SimpleData>
						<SimpleData name="turbine_id">3040688</SimpleData>
						<SimpleData name="project">Chisholm View</SimpleData>
						<SimpleData name="hub_height__m_">80</SimpleData>
						<SimpleData name="rotor_diameter__m_">82.5</SimpleData>
						<SimpleData name="turbine_model">GE1.68-82.5</SimpleData>
						<SimpleData name="xlong">-97.7489</SimpleData>
						<SimpleData name="ylat">36.5657</SimpleData>
					</SchemaData>
				</ExtendedData>
				<Point>
					<coordinates>-97.74889400000001,36.565693,0</coordinates>
				</Point>
			</Placemark>
			<Placemark>
				<styleUrl>#pointStyleMap14</styleUrl>
				<ExtendedData>
					<SchemaData schemaUrl="#S_Chisholm_View_SISDDSDD">
						<SimpleData name="tag"></SimpleData>
						<SimpleData name="turbine_id">3040732</SimpleData>
						<SimpleData name="project">Chisholm View</SimpleData>
						<SimpleData name="hub_height__m_">80</SimpleData>
						<SimpleData name="rotor_diameter__m_">82.5</SimpleData>
						<SimpleData name="turbine_model">GE1.68-82.5</SimpleData>
						<SimpleData name="xlong">-97.541</SimpleData>
						<SimpleData name="ylat">36.5949</SimpleData>
					</SchemaData>
				</ExtendedData>
				<Point>
					<coordinates>-97.540993,36.594894,0</coordinates>
				</Point>
			</Placemark>
			<Placemark>
				<styleUrl>#pointStyleMap14</styleUrl>
				<ExtendedData>
					<SchemaData schemaUrl="#S_Chisholm_View_SISDDSDD">
						<SimpleData name="tag"></SimpleData>
						<SimpleData name="turbine_id">3040786</SimpleData>
						<SimpleData name="project">Chisholm View</SimpleData>
						<SimpleData name="hub_height__m_">80</SimpleData>
						<SimpleData name="rotor_diameter__m_">82.5</SimpleData>
						<SimpleData name="turbine_model">GE1.68-82.5</SimpleData>
						<SimpleData name="xlong">-97.6127</SimpleData>
						<SimpleData name="ylat">36.577</SimpleData>
					</SchemaData>
				</ExtendedData>
				<Point>
					<coordinates>-97.61269400000002,36.576996,0</coordinates>
				</Point>
			</Placemark>
			<Placemark>
				<styleUrl>#pointStyleMap14</styleUrl>
				<ExtendedData>
					<SchemaData schemaUrl="#S_Chisholm_View_SISDDSDD">
						<SimpleData name="tag"></SimpleData>
						<SimpleData name="turbine_id">3040760</SimpleData>
						<SimpleData name="project">Chisholm View</SimpleData>
						<SimpleData name="hub_height__m_">80</SimpleData>
						<SimpleData name="rotor_diameter__m_">82.5</SimpleData>
						<SimpleData name="turbine_model">GE1.68-82.5</SimpleData>
						<SimpleData name="xlong">-97.6719</SimpleData>
						<SimpleData name="ylat">36.5442</SimpleData>
					</SchemaData>
				</ExtendedData>
				<Point>
					<coordinates>-97.67188999999999,36.54419300000002,0</coordinates>
				</Point>
			</Placemark>
			<Placemark>
				<styleUrl>#pointStyleMap14</styleUrl>
				<ExtendedData>
					<SchemaData schemaUrl="#S_Chisholm_View_SISDDSDD">
						<SimpleData name="tag"></SimpleData>
						<SimpleData name="turbine_id">3040782</SimpleData>
						<SimpleData name="project">Chisholm View</SimpleData>
						<SimpleData name="hub_height__m_">80</SimpleData>
						<SimpleData name="rotor_diameter__m_">82.5</SimpleData>
						<SimpleData name="turbine_model">GE1.68-82.5</SimpleData>
						<SimpleData name="xlong">-97.7725</SimpleData>
						<SimpleData name="ylat">36.5951</SimpleData>
					</SchemaData>
				</ExtendedData>
				<Point>
					<coordinates>-97.77249100000002,36.59509299999999,0</coordinates>
				</Point>
			</Placemark>
			<Placemark>
				<styleUrl>#pointStyleMap14</styleUrl>
				<ExtendedData>
					<SchemaData schemaUrl="#S_Chisholm_View_SISDDSDD">
						<SimpleData name="tag"></SimpleData>
						<SimpleData name="turbine_id">3040680</SimpleData>
						<SimpleData name="project">Chisholm View</SimpleData>
						<SimpleData name="hub_height__m_">80</SimpleData>
						<SimpleData name="rotor_diameter__m_">82.5</SimpleData>
						<SimpleData name="turbine_model">GE1.68-82.5</SimpleData>
						<SimpleData name="xlong">-97.7782</SimpleData>
						<SimpleData name="ylat">36.5688</SimpleData>
					</SchemaData>
				</ExtendedData>
				<Point>
					<coordinates>-97.77819100000001,36.56879399999998,0</coordinates>
				</Point>
			</Placemark>
			<Placemark>
				<styleUrl>#pointStyleMap14</styleUrl>
				<ExtendedData>
					<SchemaData schemaUrl="#S_Chisholm_View_SISDDSDD">
						<SimpleData name="tag"></SimpleData>
						<SimpleData name="turbine_id">3040697</SimpleData>
						<SimpleData name="project">Chisholm View</SimpleData>
						<SimpleData name="hub_height__m_">80</SimpleData>
						<SimpleData name="rotor_diameter__m_">82.5</SimpleData>
						<SimpleData name="turbine_model">GE1.68-82.5</SimpleData>
						<SimpleData name="xlong">-97.7017</SimpleData>
						<SimpleData name="ylat">36.5773</SimpleData>
					</SchemaData>
				</ExtendedData>
				<Point>
					<coordinates>-97.701691,36.577293,0</coordinates>
				</Point>
			</Placemark>
			<Placemark>
				<styleUrl>#pointStyleMap14</styleUrl>
				<ExtendedData>
					<SchemaData schemaUrl="#S_Chisholm_View_SISDDSDD">
						<SimpleData name="tag"></SimpleData>
						<SimpleData name="turbine_id">3040745</SimpleData>
						<SimpleData name="project">Chisholm View</SimpleData>
						<SimpleData name="hub_height__m_">80</SimpleData>
						<SimpleData name="rotor_diameter__m_">82.5</SimpleData>
						<SimpleData name="turbine_model">GE1.68-82.5</SimpleData>
						<SimpleData name="xlong">-97.7306</SimpleData>
						<SimpleData name="ylat">36.5534</SimpleData>
					</SchemaData>
				</ExtendedData>
				<Point>
					<coordinates>-97.730591,36.553394,0</coordinates>
				</Point>
			</Placemark>
			<Placemark>
				<styleUrl>#pointStyleMap14</styleUrl>
				<ExtendedData>
					<SchemaData schemaUrl="#S_Chisholm_View_SISDDSDD">
						<SimpleData name="tag"></SimpleData>
						<SimpleData name="turbine_id">3040651</SimpleData>
						<SimpleData name="project">Chisholm View</SimpleData>
						<SimpleData name="hub_height__m_">80</SimpleData>
						<SimpleData name="rotor_diameter__m_">82.5</SimpleData>
						<SimpleData name="turbine_model">GE1.68-82.5</SimpleData>
						<SimpleData name="xlong">-97.7478</SimpleData>
						<SimpleData name="ylat">36.5991</SimpleData>
					</SchemaData>
				</ExtendedData>
				<Point>
					<coordinates>-97.74779499999998,36.59909400000002,0</coordinates>
				</Point>
			</Placemark>
			<Placemark>
				<styleUrl>#pointStyleMap14</styleUrl>
				<ExtendedData>
					<SchemaData schemaUrl="#S_Chisholm_View_SISDDSDD">
						<SimpleData name="tag"></SimpleData>
						<SimpleData name="turbine_id">3040780</SimpleData>
						<SimpleData name="project">Chisholm View</SimpleData>
						<SimpleData name="hub_height__m_">80</SimpleData>
						<SimpleData name="rotor_diameter__m_">82.5</SimpleData>
						<SimpleData name="turbine_model">GE1.68-82.5</SimpleData>
						<SimpleData name="xlong">-97.7028</SimpleData>
						<SimpleData name="ylat">36.569</SimpleData>
					</SchemaData>
				</ExtendedData>
				<Point>
					<coordinates>-97.702789,36.56899300000002,0</coordinates>
				</Point>
			</Placemark>
			<Placemark>
				<styleUrl>#pointStyleMap14</styleUrl>
				<ExtendedData>
					<SchemaData schemaUrl="#S_Chisholm_View_SISDDSDD">
						<SimpleData name="tag"></SimpleData>
						<SimpleData name="turbine_id">3040729</SimpleData>
						<SimpleData name="project">Chisholm View</SimpleData>
						<SimpleData name="hub_height__m_">80</SimpleData>
						<SimpleData name="rotor_diameter__m_">82.5</SimpleData>
						<SimpleData name="turbine_model">GE1.68-82.5</SimpleData>
						<SimpleData name="xlong">-97.5565</SimpleData>
						<SimpleData name="ylat">36.5955</SimpleData>
					</SchemaData>
				</ExtendedData>
				<Point>
					<coordinates>-97.556496,36.595493,0</coordinates>
				</Point>
			</Placemark>
			<Placemark>
				<styleUrl>#pointStyleMap14</styleUrl>
				<ExtendedData>
					<SchemaData schemaUrl="#S_Chisholm_View_SISDDSDD">
						<SimpleData name="tag"></SimpleData>
						<SimpleData name="turbine_id">3040783</SimpleData>
						<SimpleData name="project">Chisholm View</SimpleData>
						<SimpleData name="hub_height__m_">80</SimpleData>
						<SimpleData name="rotor_diameter__m_">82.5</SimpleData>
						<SimpleData name="turbine_model">GE1.68-82.5</SimpleData>
						<SimpleData name="xlong">-97.7795</SimpleData>
						<SimpleData name="ylat">36.5966</SimpleData>
					</SchemaData>
				</ExtendedData>
				<Point>
					<coordinates>-97.779495,36.59659600000001,0</coordinates>
				</Point>
			</Placemark>
			<Placemark>
				<styleUrl>#pointStyleMap14</styleUrl>
				<ExtendedData>
					<SchemaData schemaUrl="#S_Chisholm_View_SISDDSDD">
						<SimpleData name="tag"></SimpleData>
						<SimpleData name="turbine_id">3040779</SimpleData>
						<SimpleData name="project">Chisholm View</SimpleData>
						<SimpleData name="hub_height__m_">80</SimpleData>
						<SimpleData name="rotor_diameter__m_">82.5</SimpleData>
						<SimpleData name="turbine_model">GE1.68-82.5</SimpleData>
						<SimpleData name="xlong">-97.7056</SimpleData>
						<SimpleData name="ylat">36.5711</SimpleData>
					</SchemaData>
				</ExtendedData>
				<Point>
					<coordinates>-97.705589,36.571095,0</coordinates>
				</Point>
			</Placemark>
			<Placemark>
				<styleUrl>#pointStyleMap14</styleUrl>
				<ExtendedData>
					<SchemaData schemaUrl="#S_Chisholm_View_SISDDSDD">
						<SimpleData name="tag"></SimpleData>
						<SimpleData name="turbine_id">3040776</SimpleData>
						<SimpleData name="project">Chisholm View</SimpleData>
						<SimpleData name="hub_height__m_">80</SimpleData>
						<SimpleData name="rotor_diameter__m_">82.5</SimpleData>
						<SimpleData name="turbine_model">GE1.68-82.5</SimpleData>
						<SimpleData name="xlong">-97.5835</SimpleData>
						<SimpleData name="ylat">36.5803</SimpleData>
					</SchemaData>
				</ExtendedData>
				<Point>
					<coordinates>-97.583488,36.58029599999998,0</coordinates>
				</Point>
			</Placemark>
			<Placemark>
				<styleUrl>#pointStyleMap14</styleUrl>
				<ExtendedData>
					<SchemaData schemaUrl="#S_Chisholm_View_SISDDSDD">
						<SimpleData name="tag"></SimpleData>
						<SimpleData name="turbine_id">3040772</SimpleData>
						<SimpleData name="project">Chisholm View</SimpleData>
						<SimpleData name="hub_height__m_">80</SimpleData>
						<SimpleData name="rotor_diameter__m_">82.5</SimpleData>
						<SimpleData name="turbine_model">GE1.68-82.5</SimpleData>
						<SimpleData name="xlong">-97.6166</SimpleData>
						<SimpleData name="ylat">36.577</SimpleData>
					</SchemaData>
				</ExtendedData>
				<Point>
					<coordinates>-97.616592,36.576996,0</coordinates>
				</Point>
			</Placemark>
			<Placemark>
				<styleUrl>#pointStyleMap14</styleUrl>
				<ExtendedData>
					<SchemaData schemaUrl="#S_Chisholm_View_SISDDSDD">
						<SimpleData name="tag"></SimpleData>
						<SimpleData name="turbine_id">3040755</SimpleData>
						<SimpleData name="project">Chisholm View</SimpleData>
						<SimpleData name="hub_height__m_">80</SimpleData>
						<SimpleData name="rotor_diameter__m_">82.5</SimpleData>
						<SimpleData name="turbine_model">GE1.68-82.5</SimpleData>
						<SimpleData name="xlong">-97.6949</SimpleData>
						<SimpleData name="ylat">36.5559</SimpleData>
					</SchemaData>
				</ExtendedData>
				<Point>
					<coordinates>-97.69489299999999,36.55589300000002,0</coordinates>
				</Point>
			</Placemark>
			<Placemark>
				<styleUrl>#pointStyleMap14</styleUrl>
				<ExtendedData>
					<SchemaData schemaUrl="#S_Chisholm_View_SISDDSDD">
						<SimpleData name="tag"></SimpleData>
						<SimpleData name="turbine_id">3040753</SimpleData>
						<SimpleData name="project">Chisholm View</SimpleData>
						<SimpleData name="hub_height__m_">80</SimpleData>
						<SimpleData name="rotor_diameter__m_">82.5</SimpleData>
						<SimpleData name="turbine_model">GE1.68-82.5</SimpleData>
						<SimpleData name="xlong">-97.7018</SimpleData>
						<SimpleData name="ylat">36.5582</SimpleData>
					</SchemaData>
				</ExtendedData>
				<Point>
					<coordinates>-97.70178999999999,36.55819300000003,0</coordinates>
				</Point>
			</Placemark>
			<Placemark>
				<styleUrl>#pointStyleMap14</styleUrl>
				<ExtendedData>
					<SchemaData schemaUrl="#S_Chisholm_View_SISDDSDD">
						<SimpleData name="tag"></SimpleData>
						<SimpleData name="turbine_id">3040746</SimpleData>
						<SimpleData name="project">Chisholm View</SimpleData>
						<SimpleData name="hub_height__m_">80</SimpleData>
						<SimpleData name="rotor_diameter__m_">82.5</SimpleData>
						<SimpleData name="turbine_model">GE1.68-82.5</SimpleData>
						<SimpleData name="xlong">-97.7272</SimpleData>
						<SimpleData name="ylat">36.5542</SimpleData>
					</SchemaData>
				</ExtendedData>
				<Point>
					<coordinates>-97.72719600000001,36.55419500000001,0</coordinates>
				</Point>
			</Placemark>
			<Placemark>
				<styleUrl>#pointStyleMap14</styleUrl>
				<ExtendedData>
					<SchemaData schemaUrl="#S_Chisholm_View_SISDDSDD">
						<SimpleData name="tag"></SimpleData>
						<SimpleData name="turbine_id">3040744</SimpleData>
						<SimpleData name="project">Chisholm View</SimpleData>
						<SimpleData name="hub_height__m_">80</SimpleData>
						<SimpleData name="rotor_diameter__m_">82.5</SimpleData>
						<SimpleData name="turbine_model">GE1.68-82.5</SimpleData>
						<SimpleData name="xlong">-97.7341</SimpleData>
						<SimpleData name="ylat">36.5521</SimpleData>
					</SchemaData>
				</ExtendedData>
				<Point>
					<coordinates>-97.734093,36.552094,0</coordinates>
				</Point>
			</Placemark>
			<Placemark>
				<styleUrl>#pointStyleMap14</styleUrl>
				<ExtendedData>
					<SchemaData schemaUrl="#S_Chisholm_View_SISDDSDD">
						<SimpleData name="tag"></SimpleData>
						<SimpleData name="turbine_id">3040726</SimpleData>
						<SimpleData name="project">Chisholm View</SimpleData>
						<SimpleData name="hub_height__m_">80</SimpleData>
						<SimpleData name="rotor_diameter__m_">82.5</SimpleData>
						<SimpleData name="turbine_model">GE1.68-82.5</SimpleData>
						<SimpleData name="xlong">-97.5669</SimpleData>
						<SimpleData name="ylat">36.5907</SimpleData>
					</SchemaData>
				</ExtendedData>
				<Point>
					<coordinates>-97.566895,36.59069399999997,0</coordinates>
				</Point>
			</Placemark>
			<Placemark>
				<styleUrl>#pointStyleMap14</styleUrl>
				<ExtendedData>
					<SchemaData schemaUrl="#S_Chisholm_View_SISDDSDD">
						<SimpleData name="tag"></SimpleData>
						<SimpleData name="turbine_id">3040716</SimpleData>
						<SimpleData name="project">Chisholm View</SimpleData>
						<SimpleData name="hub_height__m_">80</SimpleData>
						<SimpleData name="rotor_diameter__m_">82.5</SimpleData>
						<SimpleData name="turbine_model">GE1.68-82.5</SimpleData>
						<SimpleData name="xlong">-97.6172</SimpleData>
						<SimpleData name="ylat">36.5867</SimpleData>
					</SchemaData>
				</ExtendedData>
				<Point>
					<coordinates>-97.61719500000001,36.58669299999998,0</coordinates>
				</Point>
			</Placemark>
			<Placemark>
				<styleUrl>#pointStyleMap14</styleUrl>
				<ExtendedData>
					<SchemaData schemaUrl="#S_Chisholm_View_SISDDSDD">
						<SimpleData name="tag"></SimpleData>
						<SimpleData name="turbine_id">3040712</SimpleData>
						<SimpleData name="project">Chisholm View</SimpleData>
						<SimpleData name="hub_height__m_">80</SimpleData>
						<SimpleData name="rotor_diameter__m_">82.5</SimpleData>
						<SimpleData name="turbine_model">GE1.68-82.5</SimpleData>
						<SimpleData name="xlong">-97.6305</SimpleData>
						<SimpleData name="ylat">36.5698</SimpleData>
					</SchemaData>
				</ExtendedData>
				<Point>
					<coordinates>-97.63049300000002,36.56979399999999,0</coordinates>
				</Point>
			</Placemark>
			<Placemark>
				<styleUrl>#pointStyleMap14</styleUrl>
				<ExtendedData>
					<SchemaData schemaUrl="#S_Chisholm_View_SISDDSDD">
						<SimpleData name="tag"></SimpleData>
						<SimpleData name="turbine_id">3040709</SimpleData>
						<SimpleData name="project">Chisholm View</SimpleData>
						<SimpleData name="hub_height__m_">80</SimpleData>
						<SimpleData name="rotor_diameter__m_">82.5</SimpleData>
						<SimpleData name="turbine_model">GE1.68-82.5</SimpleData>
						<SimpleData name="xlong">-97.6417</SimpleData>
						<SimpleData name="ylat">36.5693</SimpleData>
					</SchemaData>
				</ExtendedData>
				<Point>
					<coordinates>-97.641693,36.56929400000003,0</coordinates>
				</Point>
			</Placemark>
			<Placemark>
				<styleUrl>#pointStyleMap14</styleUrl>
				<ExtendedData>
					<SchemaData schemaUrl="#S_Chisholm_View_SISDDSDD">
						<SimpleData name="tag"></SimpleData>
						<SimpleData name="turbine_id">3040723</SimpleData>
						<SimpleData name="project">Chisholm View</SimpleData>
						<SimpleData name="hub_height__m_">80</SimpleData>
						<SimpleData name="rotor_diameter__m_">82.5</SimpleData>
						<SimpleData name="turbine_model">GE1.68-82.5</SimpleData>
						<SimpleData name="xlong">-97.585</SimpleData>
						<SimpleData name="ylat">36.5973</SimpleData>
					</SchemaData>
				</ExtendedData>
				<Point>
					<coordinates>-97.584991,36.59729400000001,0</coordinates>
				</Point>
			</Placemark>
			<Placemark>
				<styleUrl>#pointStyleMap14</styleUrl>
				<ExtendedData>
					<SchemaData schemaUrl="#S_Chisholm_View_SISDDSDD">
						<SimpleData name="tag"></SimpleData>
						<SimpleData name="turbine_id">3040658</SimpleData>
						<SimpleData name="project">Chisholm View</SimpleData>
						<SimpleData name="hub_height__m_">80</SimpleData>
						<SimpleData name="rotor_diameter__m_">82.5</SimpleData>
						<SimpleData name="turbine_model">GE1.68-82.5</SimpleData>
						<SimpleData name="xlong">-97.7433</SimpleData>
						<SimpleData name="ylat">36.5958</SimpleData>
					</SchemaData>
				</ExtendedData>
				<Point>
					<coordinates>-97.74329399999999,36.595795,0</coordinates>
				</Point>
			</Placemark>
			<Placemark>
				<styleUrl>#pointStyleMap14</styleUrl>
				<ExtendedData>
					<SchemaData schemaUrl="#S_Chisholm_View_SISDDSDD">
						<SimpleData name="tag"></SimpleData>
						<SimpleData name="turbine_id">3040702</SimpleData>
						<SimpleData name="project">Chisholm View</SimpleData>
						<SimpleData name="hub_height__m_">80</SimpleData>
						<SimpleData name="rotor_diameter__m_">82.5</SimpleData>
						<SimpleData name="turbine_model">GE1.68-82.5</SimpleData>
						<SimpleData name="xlong">-97.6738</SimpleData>
						<SimpleData name="ylat">36.5746</SimpleData>
					</SchemaData>
				</ExtendedData>
				<Point>
					<coordinates>-97.67379000000001,36.57459299999998,0</coordinates>
				</Point>
			</Placemark>
			<Placemark>
				<styleUrl>#pointStyleMap14</styleUrl>
				<ExtendedData>
					<SchemaData schemaUrl="#S_Chisholm_View_SISDDSDD">
						<SimpleData name="tag"></SimpleData>
						<SimpleData name="turbine_id">3040750</SimpleData>
						<SimpleData name="project">Chisholm View</SimpleData>
						<SimpleData name="hub_height__m_">80</SimpleData>
						<SimpleData name="rotor_diameter__m_">82.5</SimpleData>
						<SimpleData name="turbine_model">GE1.68-82.5</SimpleData>
						<SimpleData name="xlong">-97.7128</SimpleData>
						<SimpleData name="ylat">36.5551</SimpleData>
					</SchemaData>
				</ExtendedData>
				<Point>
					<coordinates>-97.71279099999998,36.55509599999998,0</coordinates>
				</Point>
			</Placemark>
			<Placemark>
				<styleUrl>#pointStyleMap14</styleUrl>
				<ExtendedData>
					<SchemaData schemaUrl="#S_Chisholm_View_SISDDSDD">
						<SimpleData name="tag"></SimpleData>
						<SimpleData name="turbine_id">3040668</SimpleData>
						<SimpleData name="project">Chisholm View</SimpleData>
						<SimpleData name="hub_height__m_">80</SimpleData>
						<SimpleData name="rotor_diameter__m_">82.5</SimpleData>
						<SimpleData name="turbine_model">GE1.68-82.5</SimpleData>
						<SimpleData name="xlong">-97.7423</SimpleData>
						<SimpleData name="ylat">36.5827</SimpleData>
					</SchemaData>
				</ExtendedData>
				<Point>
					<coordinates>-97.742294,36.582695,0</coordinates>
				</Point>
			</Placemark>
			<Placemark>
				<styleUrl>#pointStyleMap14</styleUrl>
				<ExtendedData>
					<SchemaData schemaUrl="#S_Chisholm_View_SISDDSDD">
						<SimpleData name="tag"></SimpleData>
						<SimpleData name="turbine_id">3040656</SimpleData>
						<SimpleData name="project">Chisholm View</SimpleData>
						<SimpleData name="hub_height__m_">80</SimpleData>
						<SimpleData name="rotor_diameter__m_">82.5</SimpleData>
						<SimpleData name="turbine_model">GE1.68-82.5</SimpleData>
						<SimpleData name="xlong">-97.7515</SimpleData>
						<SimpleData name="ylat">36.5949</SimpleData>
					</SchemaData>
				</ExtendedData>
				<Point>
					<coordinates>-97.75149500000001,36.594894,0</coordinates>
				</Point>
			</Placemark>
			<Placemark>
				<styleUrl>#pointStyleMap14</styleUrl>
				<ExtendedData>
					<SchemaData schemaUrl="#S_Chisholm_View_SISDDSDD">
						<SimpleData name="tag"></SimpleData>
						<SimpleData name="turbine_id">3040655</SimpleData>
						<SimpleData name="project">Chisholm View</SimpleData>
						<SimpleData name="hub_height__m_">80</SimpleData>
						<SimpleData name="rotor_diameter__m_">82.5</SimpleData>
						<SimpleData name="turbine_model">GE1.68-82.5</SimpleData>
						<SimpleData name="xlong">-97.7555</SimpleData>
						<SimpleData name="ylat">36.5951</SimpleData>
					</SchemaData>
				</ExtendedData>
				<Point>
					<coordinates>-97.75549299999999,36.59509299999999,0</coordinates>
				</Point>
			</Placemark>
			<Placemark>
				<styleUrl>#pointStyleMap14</styleUrl>
				<ExtendedData>
					<SchemaData schemaUrl="#S_Chisholm_View_SISDDSDD">
						<SimpleData name="tag"></SimpleData>
						<SimpleData name="turbine_id">3040710</SimpleData>
						<SimpleData name="project">Chisholm View</SimpleData>
						<SimpleData name="hub_height__m_">80</SimpleData>
						<SimpleData name="rotor_diameter__m_">82.5</SimpleData>
						<SimpleData name="turbine_model">GE1.68-82.5</SimpleData>
						<SimpleData name="xlong">-97.6379</SimpleData>
						<SimpleData name="ylat">36.5684</SimpleData>
					</SchemaData>
				</ExtendedData>
				<Point>
					<coordinates>-97.637894,36.56839400000002,0</coordinates>
				</Point>
			</Placemark>
			<Placemark>
				<styleUrl>#pointStyleMap14</styleUrl>
				<ExtendedData>
					<SchemaData schemaUrl="#S_Chisholm_View_SISDDSDD">
						<SimpleData name="tag"></SimpleData>
						<SimpleData name="turbine_id">3040691</SimpleData>
						<SimpleData name="project">Chisholm View</SimpleData>
						<SimpleData name="hub_height__m_">80</SimpleData>
						<SimpleData name="rotor_diameter__m_">82.5</SimpleData>
						<SimpleData name="turbine_model">GE1.68-82.5</SimpleData>
						<SimpleData name="xlong">-97.7273</SimpleData>
						<SimpleData name="ylat">36.5686</SimpleData>
					</SchemaData>
				</ExtendedData>
				<Point>
					<coordinates>-97.72729500000001,36.56859600000003,0</coordinates>
				</Point>
			</Placemark>
			<Placemark>
				<styleUrl>#pointStyleMap14</styleUrl>
				<ExtendedData>
					<SchemaData schemaUrl="#S_Chisholm_View_SISDDSDD">
						<SimpleData name="tag"></SimpleData>
						<SimpleData name="turbine_id">3040762</SimpleData>
						<SimpleData name="project">Chisholm View</SimpleData>
						<SimpleData name="hub_height__m_">80</SimpleData>
						<SimpleData name="rotor_diameter__m_">82.5</SimpleData>
						<SimpleData name="turbine_model">GE1.68-82.5</SimpleData>
						<SimpleData name="xlong">-97.6293</SimpleData>
						<SimpleData name="ylat">36.5994</SimpleData>
					</SchemaData>
				</ExtendedData>
				<Point>
					<coordinates>-97.62929500000001,36.59939600000003,0</coordinates>
				</Point>
			</Placemark>
			<Placemark>
				<styleUrl>#pointStyleMap14</styleUrl>
				<ExtendedData>
					<SchemaData schemaUrl="#S_Chisholm_View_SISDDSDD">
						<SimpleData name="tag"></SimpleData>
						<SimpleData name="turbine_id">3040678</SimpleData>
						<SimpleData name="project">Chisholm View</SimpleData>
						<SimpleData name="hub_height__m_">80</SimpleData>
						<SimpleData name="rotor_diameter__m_">82.5</SimpleData>
						<SimpleData name="turbine_model">GE1.68-82.5</SimpleData>
						<SimpleData name="xlong">-97.7849</SimpleData>
						<SimpleData name="ylat">36.5597</SimpleData>
					</SchemaData>
				</ExtendedData>
				<Point>
					<coordinates>-97.78488900000001,36.559692,0</coordinates>
				</Point>
			</Placemark>
			<Placemark>
				<styleUrl>#pointStyleMap14</styleUrl>
				<ExtendedData>
					<SchemaData schemaUrl="#S_Chisholm_View_SISDDSDD">
						<SimpleData name="tag"></SimpleData>
						<SimpleData name="turbine_id">3040775</SimpleData>
						<SimpleData name="project">Chisholm View</SimpleData>
						<SimpleData name="hub_height__m_">80</SimpleData>
						<SimpleData name="rotor_diameter__m_">82.5</SimpleData>
						<SimpleData name="turbine_model">GE1.68-82.5</SimpleData>
						<SimpleData name="xlong">-97.5891</SimpleData>
						<SimpleData name="ylat">36.5682</SimpleData>
					</SchemaData>
				</ExtendedData>
				<Point>
					<coordinates>-97.589088,36.56819499999998,0</coordinates>
				</Point>
			</Placemark>
			<Placemark>
				<styleUrl>#pointStyleMap14</styleUrl>
				<ExtendedData>
					<SchemaData schemaUrl="#S_Chisholm_View_SISDDSDD">
						<SimpleData name="tag"></SimpleData>
						<SimpleData name="turbine_id">3036096</SimpleData>
						<SimpleData name="project">Chisholm View</SimpleData>
						<SimpleData name="hub_height__m_">80</SimpleData>
						<SimpleData name="rotor_diameter__m_">82.5</SimpleData>
						<SimpleData name="turbine_model">GE1.68-82.5</SimpleData>
						<SimpleData name="xlong">-97.5812</SimpleData>
						<SimpleData name="ylat">36.5953</SimpleData>
					</SchemaData>
				</ExtendedData>
				<Point>
					<coordinates>-97.581192,36.595295,0</coordinates>
				</Point>
			</Placemark>
			<Placemark>
				<styleUrl>#pointStyleMap14</styleUrl>
				<ExtendedData>
					<SchemaData schemaUrl="#S_Chisholm_View_SISDDSDD">
						<SimpleData name="tag"></SimpleData>
						<SimpleData name="turbine_id">3040689</SimpleData>
						<SimpleData name="project">Chisholm View</SimpleData>
						<SimpleData name="hub_height__m_">80</SimpleData>
						<SimpleData name="rotor_diameter__m_">82.5</SimpleData>
						<SimpleData name="turbine_model">GE1.68-82.5</SimpleData>
						<SimpleData name="xlong">-97.7442</SimpleData>
						<SimpleData name="ylat">36.5655</SimpleData>
					</SchemaData>
				</ExtendedData>
				<Point>
					<coordinates>-97.74419399999999,36.56549500000001,0</coordinates>
				</Point>
			</Placemark>
			<Placemark>
				<styleUrl>#pointStyleMap14</styleUrl>
				<ExtendedData>
					<SchemaData schemaUrl="#S_Chisholm_View_SISDDSDD">
						<SimpleData name="tag"></SimpleData>
						<SimpleData name="turbine_id">3040764</SimpleData>
						<SimpleData name="project">Chisholm View</SimpleData>
						<SimpleData name="hub_height__m_">80</SimpleData>
						<SimpleData name="rotor_diameter__m_">82.5</SimpleData>
						<SimpleData name="turbine_model">GE1.68-82.5</SimpleData>
						<SimpleData name="xlong">-97.6223</SimpleData>
						<SimpleData name="ylat">36.597</SimpleData>
					</SchemaData>
				</ExtendedData>
				<Point>
					<coordinates>-97.62229199999999,36.596992,0</coordinates>
				</Point>
			</Placemark>
			<Placemark>
				<styleUrl>#pointStyleMap14</styleUrl>
				<ExtendedData>
					<SchemaData schemaUrl="#S_Chisholm_View_SISDDSDD">
						<SimpleData name="tag"></SimpleData>
						<SimpleData name="turbine_id">3040693</SimpleData>
						<SimpleData name="project">Chisholm View</SimpleData>
						<SimpleData name="hub_height__m_">80</SimpleData>
						<SimpleData name="rotor_diameter__m_">82.5</SimpleData>
						<SimpleData name="turbine_model">GE1.68-82.5</SimpleData>
						<SimpleData name="xlong">-97.7202</SimpleData>
						<SimpleData name="ylat">36.5703</SimpleData>
					</SchemaData>
				</ExtendedData>
				<Point>
					<coordinates>-97.720192,36.57029299999999,0</coordinates>
				</Point>
			</Placemark>
			<Placemark>
				<styleUrl>#pointStyleMap14</styleUrl>
				<ExtendedData>
					<SchemaData schemaUrl="#S_Chisholm_View_SISDDSDD">
						<SimpleData name="tag"></SimpleData>
						<SimpleData name="turbine_id">3040721</SimpleData>
						<SimpleData name="project">Chisholm View</SimpleData>
						<SimpleData name="hub_height__m_">80</SimpleData>
						<SimpleData name="rotor_diameter__m_">82.5</SimpleData>
						<SimpleData name="turbine_model">GE1.68-82.5</SimpleData>
						<SimpleData name="xlong">-97.5903</SimpleData>
						<SimpleData name="ylat">36.5879</SimpleData>
					</SchemaData>
				</ExtendedData>
				<Point>
					<coordinates>-97.59029399999999,36.58789399999999,0</coordinates>
				</Point>
			</Placemark>
			<Placemark>
				<styleUrl>#pointStyleMap14</styleUrl>
				<ExtendedData>
					<SchemaData schemaUrl="#S_Chisholm_View_SISDDSDD">
						<SimpleData name="tag"></SimpleData>
						<SimpleData name="turbine_id">3040683</SimpleData>
						<SimpleData name="project">Chisholm View</SimpleData>
						<SimpleData name="hub_height__m_">80</SimpleData>
						<SimpleData name="rotor_diameter__m_">82.5</SimpleData>
						<SimpleData name="turbine_model">GE1.68-82.5</SimpleData>
						<SimpleData name="xlong">-97.7676</SimpleData>
						<SimpleData name="ylat">36.5702</SimpleData>
					</SchemaData>
				</ExtendedData>
				<Point>
					<coordinates>-97.76759300000001,36.57019400000004,0</coordinates>
				</Point>
			</Placemark>
			<Placemark>
				<styleUrl>#pointStyleMap14</styleUrl>
				<ExtendedData>
					<SchemaData schemaUrl="#S_Chisholm_View_SISDDSDD">
						<SimpleData name="tag"></SimpleData>
						<SimpleData name="turbine_id">3040654</SimpleData>
						<SimpleData name="project">Chisholm View</SimpleData>
						<SimpleData name="hub_height__m_">80</SimpleData>
						<SimpleData name="rotor_diameter__m_">82.5</SimpleData>
						<SimpleData name="turbine_model">GE1.68-82.5</SimpleData>
						<SimpleData name="xlong">-97.7592</SimpleData>
						<SimpleData name="ylat">36.5963</SimpleData>
					</SchemaData>
				</ExtendedData>
				<Point>
					<coordinates>-97.759193,36.59629400000001,0</coordinates>
				</Point>
			</Placemark>
			<Placemark>
				<styleUrl>#pointStyleMap14</styleUrl>
				<ExtendedData>
					<SchemaData schemaUrl="#S_Chisholm_View_SISDDSDD">
						<SimpleData name="tag"></SimpleData>
						<SimpleData name="turbine_id">3040733</SimpleData>
						<SimpleData name="project">Chisholm View</SimpleData>
						<SimpleData name="hub_height__m_">80</SimpleData>
						<SimpleData name="rotor_diameter__m_">82.5</SimpleData>
						<SimpleData name="turbine_model">GE1.68-82.5</SimpleData>
						<SimpleData name="xlong">-97.7775</SimpleData>
						<SimpleData name="ylat">36.5516</SimpleData>
					</SchemaData>
				</ExtendedData>
				<Point>
					<coordinates>-97.777489,36.55159399999999,0</coordinates>
				</Point>
			</Placemark>
			<Placemark>
				<styleUrl>#pointStyleMap14</styleUrl>
				<ExtendedData>
					<SchemaData schemaUrl="#S_Chisholm_View_SISDDSDD">
						<SimpleData name="tag"></SimpleData>
						<SimpleData name="turbine_id">3040659</SimpleData>
						<SimpleData name="project">Chisholm View</SimpleData>
						<SimpleData name="hub_height__m_">80</SimpleData>
						<SimpleData name="rotor_diameter__m_">82.5</SimpleData>
						<SimpleData name="turbine_model">GE1.68-82.5</SimpleData>
						<SimpleData name="xlong">-97.74</SimpleData>
						<SimpleData name="ylat">36.5973</SimpleData>
					</SchemaData>
				</ExtendedData>
				<Point>
					<coordinates>-97.73999000000001,36.59729400000001,0</coordinates>
				</Point>
			</Placemark>
			<Placemark>
				<styleUrl>#pointStyleMap14</styleUrl>
				<ExtendedData>
					<SchemaData schemaUrl="#S_Chisholm_View_SISDDSDD">
						<SimpleData name="tag"></SimpleData>
						<SimpleData name="turbine_id">3040706</SimpleData>
						<SimpleData name="project">Chisholm View</SimpleData>
						<SimpleData name="hub_height__m_">80</SimpleData>
						<SimpleData name="rotor_diameter__m_">82.5</SimpleData>
						<SimpleData name="turbine_model">GE1.68-82.5</SimpleData>
						<SimpleData name="xlong">-97.655</SimpleData>
						<SimpleData name="ylat">36.5751</SimpleData>
					</SchemaData>
				</ExtendedData>
				<Point>
					<coordinates>-97.65499100000001,36.57509199999998,0</coordinates>
				</Point>
			</Placemark>
			<Placemark>
				<styleUrl>#pointStyleMap14</styleUrl>
				<ExtendedData>
					<SchemaData schemaUrl="#S_Chisholm_View_SISDDSDD">
						<SimpleData name="tag"></SimpleData>
						<SimpleData name="turbine_id">3040777</SimpleData>
						<SimpleData name="project">Chisholm View</SimpleData>
						<SimpleData name="hub_height__m_">80</SimpleData>
						<SimpleData name="rotor_diameter__m_">82.5</SimpleData>
						<SimpleData name="turbine_model">GE1.68-82.5</SimpleData>
						<SimpleData name="xlong">-97.5787</SimpleData>
						<SimpleData name="ylat">36.5804</SimpleData>
					</SchemaData>
				</ExtendedData>
				<Point>
					<coordinates>-97.57868999999998,36.58039500000002,0</coordinates>
				</Point>
			</Placemark>
			<Placemark>
				<styleUrl>#pointStyleMap14</styleUrl>
				<ExtendedData>
					<SchemaData schemaUrl="#S_Chisholm_View_SISDDSDD">
						<SimpleData name="tag"></SimpleData>
						<SimpleData name="turbine_id">3040734</SimpleData>
						<SimpleData name="project">Chisholm View</SimpleData>
						<SimpleData name="hub_height__m_">80</SimpleData>
						<SimpleData name="rotor_diameter__m_">82.5</SimpleData>
						<SimpleData name="turbine_model">GE1.68-82.5</SimpleData>
						<SimpleData name="xlong">-97.774</SimpleData>
						<SimpleData name="ylat">36.5516</SimpleData>
					</SchemaData>
				</ExtendedData>
				<Point>
					<coordinates>-97.77399399999999,36.55159399999999,0</coordinates>
				</Point>
			</Placemark>
			<Placemark>
				<styleUrl>#pointStyleMap14</styleUrl>
				<ExtendedData>
					<SchemaData schemaUrl="#S_Chisholm_View_SISDDSDD">
						<SimpleData name="tag"></SimpleData>
						<SimpleData name="turbine_id">3040707</SimpleData>
						<SimpleData name="project">Chisholm View</SimpleData>
						<SimpleData name="hub_height__m_">80</SimpleData>
						<SimpleData name="rotor_diameter__m_">82.5</SimpleData>
						<SimpleData name="turbine_model">GE1.68-82.5</SimpleData>
						<SimpleData name="xlong">-97.6495</SimpleData>
						<SimpleData name="ylat">36.5738</SimpleData>
					</SchemaData>
				</ExtendedData>
				<Point>
					<coordinates>-97.64949,36.57379499999998,0</coordinates>
				</Point>
			</Placemark>
			<Placemark>
				<styleUrl>#pointStyleMap14</styleUrl>
				<ExtendedData>
					<SchemaData schemaUrl="#S_Chisholm_View_SISDDSDD">
						<SimpleData name="tag"></SimpleData>
						<SimpleData name="turbine_id">3040685</SimpleData>
						<SimpleData name="project">Chisholm View</SimpleData>
						<SimpleData name="hub_height__m_">80</SimpleData>
						<SimpleData name="rotor_diameter__m_">82.5</SimpleData>
						<SimpleData name="turbine_model">GE1.68-82.5</SimpleData>
						<SimpleData name="xlong">-97.7593</SimpleData>
						<SimpleData name="ylat">36.5664</SimpleData>
					</SchemaData>
				</ExtendedData>
				<Point>
					<coordinates>-97.75929300000001,36.56639500000001,0</coordinates>
				</Point>
			</Placemark>
			<Placemark>
				<styleUrl>#pointStyleMap14</styleUrl>
				<ExtendedData>
					<SchemaData schemaUrl="#S_Chisholm_View_SISDDSDD">
						<SimpleData name="tag"></SimpleData>
						<SimpleData name="turbine_id">3040682</SimpleData>
						<SimpleData name="project">Chisholm View</SimpleData>
						<SimpleData name="hub_height__m_">80</SimpleData>
						<SimpleData name="rotor_diameter__m_">82.5</SimpleData>
						<SimpleData name="turbine_model">GE1.68-82.5</SimpleData>
						<SimpleData name="xlong">-97.7714</SimpleData>
						<SimpleData name="ylat">36.5703</SimpleData>
					</SchemaData>
				</ExtendedData>
				<Point>
					<coordinates>-97.77139300000002,36.57029299999999,0</coordinates>
				</Point>
			</Placemark>
			<Placemark>
				<styleUrl>#pointStyleMap14</styleUrl>
				<ExtendedData>
					<SchemaData schemaUrl="#S_Chisholm_View_SISDDSDD">
						<SimpleData name="tag"></SimpleData>
						<SimpleData name="turbine_id">3040677</SimpleData>
						<SimpleData name="project">Chisholm View</SimpleData>
						<SimpleData name="hub_height__m_">80</SimpleData>
						<SimpleData name="rotor_diameter__m_">82.5</SimpleData>
						<SimpleData name="turbine_model">GE1.68-82.5</SimpleData>
						<SimpleData name="xlong">-97.7888</SimpleData>
						<SimpleData name="ylat">36.559</SimpleData>
					</SchemaData>
				</ExtendedData>
				<Point>
					<coordinates>-97.78879499999999,36.558994,0</coordinates>
				</Point>
			</Placemark>
			<Placemark>
				<styleUrl>#pointStyleMap14</styleUrl>
				<ExtendedData>
					<SchemaData schemaUrl="#S_Chisholm_View_SISDDSDD">
						<SimpleData name="tag"></SimpleData>
						<SimpleData name="turbine_id">3040690</SimpleData>
						<SimpleData name="project">Chisholm View</SimpleData>
						<SimpleData name="hub_height__m_">80</SimpleData>
						<SimpleData name="rotor_diameter__m_">82.5</SimpleData>
						<SimpleData name="turbine_model">GE1.68-82.5</SimpleData>
						<SimpleData name="xlong">-97.7305</SimpleData>
						<SimpleData name="ylat">36.5667</SimpleData>
					</SchemaData>
				</ExtendedData>
				<Point>
					<coordinates>-97.730492,36.566692,0</coordinates>
				</Point>
			</Placemark>
			<Placemark>
				<styleUrl>#pointStyleMap14</styleUrl>
				<ExtendedData>
					<SchemaData schemaUrl="#S_Chisholm_View_SISDDSDD">
						<SimpleData name="tag"></SimpleData>
						<SimpleData name="turbine_id">3040757</SimpleData>
						<SimpleData name="project">Chisholm View</SimpleData>
						<SimpleData name="hub_height__m_">80</SimpleData>
						<SimpleData name="rotor_diameter__m_">82.5</SimpleData>
						<SimpleData name="turbine_model">GE1.68-82.5</SimpleData>
						<SimpleData name="xlong">-97.6871</SimpleData>
						<SimpleData name="ylat">36.5561</SimpleData>
					</SchemaData>
				</ExtendedData>
				<Point>
					<coordinates>-97.68709599999998,36.55609499999998,0</coordinates>
				</Point>
			</Placemark>
			<Placemark>
				<styleUrl>#pointStyleMap14</styleUrl>
				<ExtendedData>
					<SchemaData schemaUrl="#S_Chisholm_View_SISDDSDD">
						<SimpleData name="tag"></SimpleData>
						<SimpleData name="turbine_id">3040754</SimpleData>
						<SimpleData name="project">Chisholm View</SimpleData>
						<SimpleData name="hub_height__m_">80</SimpleData>
						<SimpleData name="rotor_diameter__m_">82.5</SimpleData>
						<SimpleData name="turbine_model">GE1.68-82.5</SimpleData>
						<SimpleData name="xlong">-97.6984</SimpleData>
						<SimpleData name="ylat">36.5571</SimpleData>
					</SchemaData>
				</ExtendedData>
				<Point>
					<coordinates>-97.698395,36.55709499999999,0</coordinates>
				</Point>
			</Placemark>
			<Placemark>
				<styleUrl>#pointStyleMap14</styleUrl>
				<ExtendedData>
					<SchemaData schemaUrl="#S_Chisholm_View_SISDDSDD">
						<SimpleData name="tag"></SimpleData>
						<SimpleData name="turbine_id">3040669</SimpleData>
						<SimpleData name="project">Chisholm View</SimpleData>
						<SimpleData name="hub_height__m_">80</SimpleData>
						<SimpleData name="rotor_diameter__m_">82.5</SimpleData>
						<SimpleData name="turbine_model">GE1.68-82.5</SimpleData>
						<SimpleData name="xlong">-97.7389</SimpleData>
						<SimpleData name="ylat">36.5801</SimpleData>
					</SchemaData>
				</ExtendedData>
				<Point>
					<coordinates>-97.73889199999999,36.58009300000002,0</coordinates>
				</Point>
			</Placemark>
			<Placemark>
				<styleUrl>#pointStyleMap14</styleUrl>
				<ExtendedData>
					<SchemaData schemaUrl="#S_Chisholm_View_SISDDSDD">
						<SimpleData name="tag"></SimpleData>
						<SimpleData name="turbine_id">3040662</SimpleData>
						<SimpleData name="project">Chisholm View</SimpleData>
						<SimpleData name="hub_height__m_">80</SimpleData>
						<SimpleData name="rotor_diameter__m_">82.5</SimpleData>
						<SimpleData name="turbine_model">GE1.68-82.5</SimpleData>
						<SimpleData name="xlong">-97.7678</SimpleData>
						<SimpleData name="ylat">36.5851</SimpleData>
					</SchemaData>
				</ExtendedData>
				<Point>
					<coordinates>-97.76779199999999,36.58509400000001,0</coordinates>
				</Point>
			</Placemark>
			<Placemark>
				<styleUrl>#pointStyleMap14</styleUrl>
				<ExtendedData>
					<SchemaData schemaUrl="#S_Chisholm_View_SISDDSDD">
						<SimpleData name="tag"></SimpleData>
						<SimpleData name="turbine_id">3040720</SimpleData>
						<SimpleData name="project">Chisholm View</SimpleData>
						<SimpleData name="hub_height__m_">80</SimpleData>
						<SimpleData name="rotor_diameter__m_">82.5</SimpleData>
						<SimpleData name="turbine_model">GE1.68-82.5</SimpleData>
						<SimpleData name="xlong">-97.5942</SimpleData>
						<SimpleData name="ylat">36.5864</SimpleData>
					</SchemaData>
				</ExtendedData>
				<Point>
					<coordinates>-97.59419300000002,36.58639500000002,0</coordinates>
				</Point>
			</Placemark>
			<Placemark>
				<styleUrl>#pointStyleMap14</styleUrl>
				<ExtendedData>
					<SchemaData schemaUrl="#S_Chisholm_View_SISDDSDD">
						<SimpleData name="tag"></SimpleData>
						<SimpleData name="turbine_id">3040711</SimpleData>
						<SimpleData name="project">Chisholm View</SimpleData>
						<SimpleData name="hub_height__m_">80</SimpleData>
						<SimpleData name="rotor_diameter__m_">82.5</SimpleData>
						<SimpleData name="turbine_model">GE1.68-82.5</SimpleData>
						<SimpleData name="xlong">-97.6343</SimpleData>
						<SimpleData name="ylat">36.5693</SimpleData>
					</SchemaData>
				</ExtendedData>
				<Point>
					<coordinates>-97.634293,36.56929400000003,0</coordinates>
				</Point>
			</Placemark>
			<Placemark>
				<styleUrl>#pointStyleMap14</styleUrl>
				<ExtendedData>
					<SchemaData schemaUrl="#S_Chisholm_View_SISDDSDD">
						<SimpleData name="tag"></SimpleData>
						<SimpleData name="turbine_id">3040765</SimpleData>
						<SimpleData name="project">Chisholm View</SimpleData>
						<SimpleData name="hub_height__m_">80</SimpleData>
						<SimpleData name="rotor_diameter__m_">82.5</SimpleData>
						<SimpleData name="turbine_model">GE1.68-82.5</SimpleData>
						<SimpleData name="xlong">-97.6187</SimpleData>
						<SimpleData name="ylat">36.596</SimpleData>
					</SchemaData>
				</ExtendedData>
				<Point>
					<coordinates>-97.61869,36.595993,0</coordinates>
				</Point>
			</Placemark>
			<Placemark>
				<styleUrl>#pointStyleMap14</styleUrl>
				<ExtendedData>
					<SchemaData schemaUrl="#S_Chisholm_View_SISDDSDD">
						<SimpleData name="tag"></SimpleData>
						<SimpleData name="turbine_id">3040652</SimpleData>
						<SimpleData name="project">Chisholm View</SimpleData>
						<SimpleData name="hub_height__m_">80</SimpleData>
						<SimpleData name="rotor_diameter__m_">82.5</SimpleData>
						<SimpleData name="turbine_model">GE1.68-82.5</SimpleData>
						<SimpleData name="xlong">-97.7663</SimpleData>
						<SimpleData name="ylat">36.5976</SimpleData>
					</SchemaData>
				</ExtendedData>
				<Point>
					<coordinates>-97.76628900000001,36.59759500000001,0</coordinates>
				</Point>
			</Placemark>
			<Placemark>
				<styleUrl>#pointStyleMap14</styleUrl>
				<ExtendedData>
					<SchemaData schemaUrl="#S_Chisholm_View_SISDDSDD">
						<SimpleData name="tag"></SimpleData>
						<SimpleData name="turbine_id">3040778</SimpleData>
						<SimpleData name="project">Chisholm View</SimpleData>
						<SimpleData name="hub_height__m_">80</SimpleData>
						<SimpleData name="rotor_diameter__m_">82.5</SimpleData>
						<SimpleData name="turbine_model">GE1.68-82.5</SimpleData>
						<SimpleData name="xlong">-97.6324</SimpleData>
						<SimpleData name="ylat">36.6017</SimpleData>
					</SchemaData>
				</ExtendedData>
				<Point>
					<coordinates>-97.63239299999998,36.60169199999999,0</coordinates>
				</Point>
			</Placemark>
			<Placemark>
				<styleUrl>#pointStyleMap14</styleUrl>
				<ExtendedData>
					<SchemaData schemaUrl="#S_Chisholm_View_SISDDSDD">
						<SimpleData name="tag"></SimpleData>
						<SimpleData name="turbine_id">3040769</SimpleData>
						<SimpleData name="project">Chisholm View</SimpleData>
						<SimpleData name="hub_height__m_">80</SimpleData>
						<SimpleData name="rotor_diameter__m_">82.5</SimpleData>
						<SimpleData name="turbine_model">GE1.68-82.5</SimpleData>
						<SimpleData name="xlong">-97.7164</SimpleData>
						<SimpleData name="ylat">36.5879</SimpleData>
					</SchemaData>
				</ExtendedData>
				<Point>
					<coordinates>-97.716393,36.58789399999999,0</coordinates>
				</Point>
			</Placemark>
			<Placemark>
				<styleUrl>#pointStyleMap14</styleUrl>
				<ExtendedData>
					<SchemaData schemaUrl="#S_Chisholm_View_SISDDSDD">
						<SimpleData name="tag"></SimpleData>
						<SimpleData name="turbine_id">3040673</SimpleData>
						<SimpleData name="project">Chisholm View</SimpleData>
						<SimpleData name="hub_height__m_">80</SimpleData>
						<SimpleData name="rotor_diameter__m_">82.5</SimpleData>
						<SimpleData name="turbine_model">GE1.68-82.5</SimpleData>
						<SimpleData name="xlong">-97.7992</SimpleData>
						<SimpleData name="ylat">36.5673</SimpleData>
					</SchemaData>
				</ExtendedData>
				<Point>
					<coordinates>-97.799194,36.56729500000002,0</coordinates>
				</Point>
			</Placemark>
			<Placemark>
				<styleUrl>#pointStyleMap14</styleUrl>
				<ExtendedData>
					<SchemaData schemaUrl="#S_Chisholm_View_SISDDSDD">
						<SimpleData name="tag"></SimpleData>
						<SimpleData name="turbine_id">3040743</SimpleData>
						<SimpleData name="project">Chisholm View</SimpleData>
						<SimpleData name="hub_height__m_">80</SimpleData>
						<SimpleData name="rotor_diameter__m_">82.5</SimpleData>
						<SimpleData name="turbine_model">GE1.68-82.5</SimpleData>
						<SimpleData name="xlong">-97.7378</SimpleData>
						<SimpleData name="ylat">36.5518</SimpleData>
					</SchemaData>
				</ExtendedData>
				<Point>
					<coordinates>-97.737793,36.55179199999998,0</coordinates>
				</Point>
			</Placemark>
			<Placemark>
				<styleUrl>#pointStyleMap14</styleUrl>
				<ExtendedData>
					<SchemaData schemaUrl="#S_Chisholm_View_SISDDSDD">
						<SimpleData name="tag"></SimpleData>
						<SimpleData name="turbine_id">3040739</SimpleData>
						<SimpleData name="project">Chisholm View</SimpleData>
						<SimpleData name="hub_height__m_">80</SimpleData>
						<SimpleData name="rotor_diameter__m_">82.5</SimpleData>
						<SimpleData name="turbine_model">GE1.68-82.5</SimpleData>
						<SimpleData name="xlong">-97.7544</SimpleData>
						<SimpleData name="ylat">36.5516</SimpleData>
					</SchemaData>
				</ExtendedData>
				<Point>
					<coordinates>-97.754395,36.55159399999999,0</coordinates>
				</Point>
			</Placemark>
			<Placemark>
				<styleUrl>#pointStyleMap14</styleUrl>
				<ExtendedData>
					<SchemaData schemaUrl="#S_Chisholm_View_SISDDSDD">
						<SimpleData name="tag"></SimpleData>
						<SimpleData name="turbine_id">3040774</SimpleData>
						<SimpleData name="project">Chisholm View</SimpleData>
						<SimpleData name="hub_height__m_">80</SimpleData>
						<SimpleData name="rotor_diameter__m_">82.5</SimpleData>
						<SimpleData name="turbine_model">GE1.68-82.5</SimpleData>
						<SimpleData name="xlong">-97.5937</SimpleData>
						<SimpleData name="ylat">36.5693</SimpleData>
					</SchemaData>
				</ExtendedData>
				<Point>
					<coordinates>-97.593689,36.56929400000003,0</coordinates>
				</Point>
			</Placemark>
			<Placemark>
				<styleUrl>#pointStyleMap14</styleUrl>
				<ExtendedData>
					<SchemaData schemaUrl="#S_Chisholm_View_SISDDSDD">
						<SimpleData name="tag"></SimpleData>
						<SimpleData name="turbine_id">3040763</SimpleData>
						<SimpleData name="project">Chisholm View</SimpleData>
						<SimpleData name="hub_height__m_">80</SimpleData>
						<SimpleData name="rotor_diameter__m_">82.5</SimpleData>
						<SimpleData name="turbine_model">GE1.68-82.5</SimpleData>
						<SimpleData name="xlong">-97.6258</SimpleData>
						<SimpleData name="ylat">36.5982</SimpleData>
					</SchemaData>
				</ExtendedData>
				<Point>
					<coordinates>-97.625793,36.59819400000002,0</coordinates>
				</Point>
			</Placemark>
			<Placemark>
				<styleUrl>#pointStyleMap14</styleUrl>
				<ExtendedData>
					<SchemaData schemaUrl="#S_Chisholm_View_SISDDSDD">
						<SimpleData name="tag"></SimpleData>
						<SimpleData name="turbine_id">3040727</SimpleData>
						<SimpleData name="project">Chisholm View</SimpleData>
						<SimpleData name="hub_height__m_">80</SimpleData>
						<SimpleData name="rotor_diameter__m_">82.5</SimpleData>
						<SimpleData name="turbine_model">GE1.68-82.5</SimpleData>
						<SimpleData name="xlong">-97.5638</SimpleData>
						<SimpleData name="ylat">36.595</SimpleData>
					</SchemaData>
				</ExtendedData>
				<Point>
					<coordinates>-97.563789,36.594994,0</coordinates>
				</Point>
			</Placemark>
			<Placemark>
				<styleUrl>#pointStyleMap14</styleUrl>
				<ExtendedData>
					<SchemaData schemaUrl="#S_Chisholm_View_SISDDSDD">
						<SimpleData name="tag"></SimpleData>
						<SimpleData name="turbine_id">3040675</SimpleData>
						<SimpleData name="project">Chisholm View</SimpleData>
						<SimpleData name="hub_height__m_">80</SimpleData>
						<SimpleData name="rotor_diameter__m_">82.5</SimpleData>
						<SimpleData name="turbine_model">GE1.68-82.5</SimpleData>
						<SimpleData name="xlong">-97.7915</SimpleData>
						<SimpleData name="ylat">36.5689</SimpleData>
					</SchemaData>
				</ExtendedData>
				<Point>
					<coordinates>-97.791489,36.56889300000002,0</coordinates>
				</Point>
			</Placemark>
			<Placemark>
				<styleUrl>#pointStyleMap14</styleUrl>
				<ExtendedData>
					<SchemaData schemaUrl="#S_Chisholm_View_SISDDSDD">
						<SimpleData name="tag"></SimpleData>
						<SimpleData name="turbine_id">3040665</SimpleData>
						<SimpleData name="project">Chisholm View</SimpleData>
						<SimpleData name="hub_height__m_">80</SimpleData>
						<SimpleData name="rotor_diameter__m_">82.5</SimpleData>
						<SimpleData name="turbine_model">GE1.68-82.5</SimpleData>
						<SimpleData name="xlong">-97.7525</SimpleData>
						<SimpleData name="ylat">36.5877</SimpleData>
					</SchemaData>
				</ExtendedData>
				<Point>
					<coordinates>-97.752495,36.58769200000003,0</coordinates>
				</Point>
			</Placemark>
			<Placemark>
				<styleUrl>#pointStyleMap14</styleUrl>
				<ExtendedData>
					<SchemaData schemaUrl="#S_Chisholm_View_SISDDSDD">
						<SimpleData name="tag"></SimpleData>
						<SimpleData name="turbine_id">3040692</SimpleData>
						<SimpleData name="project">Chisholm View</SimpleData>
						<SimpleData name="hub_height__m_">80</SimpleData>
						<SimpleData name="rotor_diameter__m_">82.5</SimpleData>
						<SimpleData name="turbine_model">GE1.68-82.5</SimpleData>
						<SimpleData name="xlong">-97.7236</SimpleData>
						<SimpleData name="ylat">36.5691</SimpleData>
					</SchemaData>
				</ExtendedData>
				<Point>
					<coordinates>-97.723595,36.56909599999999,0</coordinates>
				</Point>
			</Placemark>
			<Placemark>
				<styleUrl>#pointStyleMap14</styleUrl>
				<ExtendedData>
					<SchemaData schemaUrl="#S_Chisholm_View_SISDDSDD">
						<SimpleData name="tag"></SimpleData>
						<SimpleData name="turbine_id">3040663</SimpleData>
						<SimpleData name="project">Chisholm View</SimpleData>
						<SimpleData name="hub_height__m_">80</SimpleData>
						<SimpleData name="rotor_diameter__m_">82.5</SimpleData>
						<SimpleData name="turbine_model">GE1.68-82.5</SimpleData>
						<SimpleData name="xlong">-97.7608</SimpleData>
						<SimpleData name="ylat">36.5875</SimpleData>
					</SchemaData>
				</ExtendedData>
				<Point>
					<coordinates>-97.760796,36.58749399999999,0</coordinates>
				</Point>
			</Placemark>
			<Placemark>
				<styleUrl>#pointStyleMap14</styleUrl>
				<ExtendedData>
					<SchemaData schemaUrl="#S_Chisholm_View_SISDDSDD">
						<SimpleData name="tag"></SimpleData>
						<SimpleData name="turbine_id">3040756</SimpleData>
						<SimpleData name="project">Chisholm View</SimpleData>
						<SimpleData name="hub_height__m_">80</SimpleData>
						<SimpleData name="rotor_diameter__m_">82.5</SimpleData>
						<SimpleData name="turbine_model">GE1.68-82.5</SimpleData>
						<SimpleData name="xlong">-97.6907</SimpleData>
						<SimpleData name="ylat">36.5562</SimpleData>
					</SchemaData>
				</ExtendedData>
				<Point>
					<coordinates>-97.69068899999999,36.55619400000002,0</coordinates>
				</Point>
			</Placemark>
			<Placemark>
				<styleUrl>#pointStyleMap14</styleUrl>
				<ExtendedData>
					<SchemaData schemaUrl="#S_Chisholm_View_SISDDSDD">
						<SimpleData name="tag"></SimpleData>
						<SimpleData name="turbine_id">3040724</SimpleData>
						<SimpleData name="project">Chisholm View</SimpleData>
						<SimpleData name="hub_height__m_">80</SimpleData>
						<SimpleData name="rotor_diameter__m_">82.5</SimpleData>
						<SimpleData name="turbine_model">GE1.68-82.5</SimpleData>
						<SimpleData name="xlong">-97.5744</SimpleData>
						<SimpleData name="ylat">36.5912</SimpleData>
					</SchemaData>
				</ExtendedData>
				<Point>
					<coordinates>-97.574394,36.59119400000001,0</coordinates>
				</Point>
			</Placemark>
			<Placemark>
				<styleUrl>#pointStyleMap14</styleUrl>
				<ExtendedData>
					<SchemaData schemaUrl="#S_Chisholm_View_SISDDSDD">
						<SimpleData name="tag"></SimpleData>
						<SimpleData name="turbine_id">3040730</SimpleData>
						<SimpleData name="project">Chisholm View</SimpleData>
						<SimpleData name="hub_height__m_">80</SimpleData>
						<SimpleData name="rotor_diameter__m_">82.5</SimpleData>
						<SimpleData name="turbine_model">GE1.68-82.5</SimpleData>
						<SimpleData name="xlong">-97.5504</SimpleData>
						<SimpleData name="ylat">36.5953</SimpleData>
					</SchemaData>
				</ExtendedData>
				<Point>
					<coordinates>-97.550392,36.595295,0</coordinates>
				</Point>
			</Placemark>
			<Placemark>
				<styleUrl>#pointStyleMap14</styleUrl>
				<ExtendedData>
					<SchemaData schemaUrl="#S_Chisholm_View_SISDDSDD">
						<SimpleData name="tag"></SimpleData>
						<SimpleData name="turbine_id">3040771</SimpleData>
						<SimpleData name="project">Chisholm View</SimpleData>
						<SimpleData name="hub_height__m_">80</SimpleData>
						<SimpleData name="rotor_diameter__m_">82.5</SimpleData>
						<SimpleData name="turbine_model">GE1.68-82.5</SimpleData>
						<SimpleData name="xlong">-97.7093</SimpleData>
						<SimpleData name="ylat">36.5711</SimpleData>
					</SchemaData>
				</ExtendedData>
				<Point>
					<coordinates>-97.70929,36.571095,0</coordinates>
				</Point>
			</Placemark>
			<Placemark>
				<styleUrl>#pointStyleMap14</styleUrl>
				<ExtendedData>
					<SchemaData schemaUrl="#S_Chisholm_View_SISDDSDD">
						<SimpleData name="tag"></SimpleData>
						<SimpleData name="turbine_id">3040661</SimpleData>
						<SimpleData name="project">Chisholm View</SimpleData>
						<SimpleData name="hub_height__m_">80</SimpleData>
						<SimpleData name="rotor_diameter__m_">82.5</SimpleData>
						<SimpleData name="turbine_model">GE1.68-82.5</SimpleData>
						<SimpleData name="xlong">-97.7725</SimpleData>
						<SimpleData name="ylat">36.5849</SimpleData>
					</SchemaData>
				</ExtendedData>
				<Point>
					<coordinates>-97.77249100000002,36.584892,0</coordinates>
				</Point>
			</Placemark>
			<Placemark>
				<styleUrl>#pointStyleMap14</styleUrl>
				<ExtendedData>
					<SchemaData schemaUrl="#S_Chisholm_View_SISDDSDD">
						<SimpleData name="tag"></SimpleData>
						<SimpleData name="turbine_id">3040735</SimpleData>
						<SimpleData name="project">Chisholm View</SimpleData>
						<SimpleData name="hub_height__m_">80</SimpleData>
						<SimpleData name="rotor_diameter__m_">82.5</SimpleData>
						<SimpleData name="turbine_model">GE1.68-82.5</SimpleData>
						<SimpleData name="xlong">-97.7704</SimpleData>
						<SimpleData name="ylat">36.5516</SimpleData>
					</SchemaData>
				</ExtendedData>
				<Point>
					<coordinates>-97.77039300000001,36.55159399999999,0</coordinates>
				</Point>
			</Placemark>
			<Placemark>
				<styleUrl>#pointStyleMap14</styleUrl>
				<ExtendedData>
					<SchemaData schemaUrl="#S_Chisholm_View_SISDDSDD">
						<SimpleData name="tag"></SimpleData>
						<SimpleData name="turbine_id">3040676</SimpleData>
						<SimpleData name="project">Chisholm View</SimpleData>
						<SimpleData name="hub_height__m_">80</SimpleData>
						<SimpleData name="rotor_diameter__m_">82.5</SimpleData>
						<SimpleData name="turbine_model">GE1.68-82.5</SimpleData>
						<SimpleData name="xlong">-97.7863</SimpleData>
						<SimpleData name="ylat">36.5686</SimpleData>
					</SchemaData>
				</ExtendedData>
				<Point>
					<coordinates>-97.78629299999999,36.56859600000003,0</coordinates>
				</Point>
			</Placemark>
			<Placemark>
				<styleUrl>#pointStyleMap14</styleUrl>
				<ExtendedData>
					<SchemaData schemaUrl="#S_Chisholm_View_SISDDSDD">
						<SimpleData name="tag"></SimpleData>
						<SimpleData name="turbine_id">3040664</SimpleData>
						<SimpleData name="project">Chisholm View</SimpleData>
						<SimpleData name="hub_height__m_">80</SimpleData>
						<SimpleData name="rotor_diameter__m_">82.5</SimpleData>
						<SimpleData name="turbine_model">GE1.68-82.5</SimpleData>
						<SimpleData name="xlong">-97.7563</SimpleData>
						<SimpleData name="ylat">36.5874</SimpleData>
					</SchemaData>
				</ExtendedData>
				<Point>
					<coordinates>-97.756294,36.58739500000003,0</coordinates>
				</Point>
			</Placemark>
			<Placemark>
				<styleUrl>#pointStyleMap14</styleUrl>
				<ExtendedData>
					<SchemaData schemaUrl="#S_Chisholm_View_SISDDSDD">
						<SimpleData name="tag"></SimpleData>
						<SimpleData name="turbine_id">3040686</SimpleData>
						<SimpleData name="project">Chisholm View</SimpleData>
						<SimpleData name="hub_height__m_">80</SimpleData>
						<SimpleData name="rotor_diameter__m_">82.5</SimpleData>
						<SimpleData name="turbine_model">GE1.68-82.5</SimpleData>
						<SimpleData name="xlong">-97.7556</SimpleData>
						<SimpleData name="ylat">36.5666</SimpleData>
					</SchemaData>
				</ExtendedData>
				<Point>
					<coordinates>-97.75559199999999,36.566593,0</coordinates>
				</Point>
			</Placemark>
			<Placemark>
				<styleUrl>#pointStyleMap14</styleUrl>
				<ExtendedData>
					<SchemaData schemaUrl="#S_Chisholm_View_SISDDSDD">
						<SimpleData name="tag"></SimpleData>
						<SimpleData name="turbine_id">3040728</SimpleData>
						<SimpleData name="project">Chisholm View</SimpleData>
						<SimpleData name="hub_height__m_">80</SimpleData>
						<SimpleData name="rotor_diameter__m_">82.5</SimpleData>
						<SimpleData name="turbine_model">GE1.68-82.5</SimpleData>
						<SimpleData name="xlong">-97.5593</SimpleData>
						<SimpleData name="ylat">36.5961</SimpleData>
					</SchemaData>
				</ExtendedData>
				<Point>
					<coordinates>-97.55929599999999,36.596092,0</coordinates>
				</Point>
			</Placemark>
			<Placemark>
				<styleUrl>#pointStyleMap14</styleUrl>
				<ExtendedData>
					<SchemaData schemaUrl="#S_Chisholm_View_SISDDSDD">
						<SimpleData name="tag"></SimpleData>
						<SimpleData name="turbine_id">3040731</SimpleData>
						<SimpleData name="project">Chisholm View</SimpleData>
						<SimpleData name="hub_height__m_">80</SimpleData>
						<SimpleData name="rotor_diameter__m_">82.5</SimpleData>
						<SimpleData name="turbine_model">GE1.68-82.5</SimpleData>
						<SimpleData name="xlong">-97.5453</SimpleData>
						<SimpleData name="ylat">36.5958</SimpleData>
					</SchemaData>
				</ExtendedData>
				<Point>
					<coordinates>-97.54529599999998,36.595795,0</coordinates>
				</Point>
			</Placemark>
			<Placemark>
				<styleUrl>#pointStyleMap14</styleUrl>
				<ExtendedData>
					<SchemaData schemaUrl="#S_Chisholm_View_SISDDSDD">
						<SimpleData name="tag"></SimpleData>
						<SimpleData name="turbine_id">3040714</SimpleData>
						<SimpleData name="project">Chisholm View</SimpleData>
						<SimpleData name="hub_height__m_">80</SimpleData>
						<SimpleData name="rotor_diameter__m_">82.5</SimpleData>
						<SimpleData name="turbine_model">GE1.68-82.5</SimpleData>
						<SimpleData name="xlong">-97.6241</SimpleData>
						<SimpleData name="ylat">36.5813</SimpleData>
					</SchemaData>
				</ExtendedData>
				<Point>
					<coordinates>-97.624092,36.58129500000003,0</coordinates>
				</Point>
			</Placemark>
			<Placemark>
				<styleUrl>#pointStyleMap14</styleUrl>
				<ExtendedData>
					<SchemaData schemaUrl="#S_Chisholm_View_SISDDSDD">
						<SimpleData name="tag"></SimpleData>
						<SimpleData name="turbine_id">3040781</SimpleData>
						<SimpleData name="project">Chisholm View</SimpleData>
						<SimpleData name="hub_height__m_">80</SimpleData>
						<SimpleData name="rotor_diameter__m_">82.5</SimpleData>
						<SimpleData name="turbine_model">GE1.68-82.5</SimpleData>
						<SimpleData name="xlong">-97.6947</SimpleData>
						<SimpleData name="ylat">36.5817</SimpleData>
					</SchemaData>
				</ExtendedData>
				<Point>
					<coordinates>-97.694695,36.58169599999999,0</coordinates>
				</Point>
			</Placemark>
			<Placemark>
				<styleUrl>#pointStyleMap14</styleUrl>
				<ExtendedData>
					<SchemaData schemaUrl="#S_Chisholm_View_SISDDSDD">
						<SimpleData name="tag"></SimpleData>
						<SimpleData name="turbine_id">3040666</SimpleData>
						<SimpleData name="project">Chisholm View</SimpleData>
						<SimpleData name="hub_height__m_">80</SimpleData>
						<SimpleData name="rotor_diameter__m_">82.5</SimpleData>
						<SimpleData name="turbine_model">GE1.68-82.5</SimpleData>
						<SimpleData name="xlong">-97.7489</SimpleData>
						<SimpleData name="ylat">36.5866</SimpleData>
					</SchemaData>
				</ExtendedData>
				<Point>
					<coordinates>-97.74889400000001,36.58659399999998,0</coordinates>
				</Point>
			</Placemark>
			<Placemark>
				<styleUrl>#pointStyleMap14</styleUrl>
				<ExtendedData>
					<SchemaData schemaUrl="#S_Chisholm_View_SISDDSDD">
						<SimpleData name="tag"></SimpleData>
						<SimpleData name="turbine_id">3040722</SimpleData>
						<SimpleData name="project">Chisholm View</SimpleData>
						<SimpleData name="hub_height__m_">80</SimpleData>
						<SimpleData name="rotor_diameter__m_">82.5</SimpleData>
						<SimpleData name="turbine_model">GE1.68-82.5</SimpleData>
						<SimpleData name="xlong">-97.5913</SimpleData>
						<SimpleData name="ylat">36.5795</SimpleData>
					</SchemaData>
				</ExtendedData>
				<Point>
					<coordinates>-97.59129299999999,36.57949400000001,0</coordinates>
				</Point>
			</Placemark>
			<Placemark>
				<styleUrl>#pointStyleMap14</styleUrl>
				<ExtendedData>
					<SchemaData schemaUrl="#S_Chisholm_View_SISDDSDD">
						<SimpleData name="tag"></SimpleData>
						<SimpleData name="turbine_id">3040773</SimpleData>
						<SimpleData name="project">Chisholm View</SimpleData>
						<SimpleData name="hub_height__m_">80</SimpleData>
						<SimpleData name="rotor_diameter__m_">82.5</SimpleData>
						<SimpleData name="turbine_model">GE1.68-82.5</SimpleData>
						<SimpleData name="xlong">-97.5977</SimpleData>
						<SimpleData name="ylat">36.5713</SimpleData>
					</SchemaData>
				</ExtendedData>
				<Point>
					<coordinates>-97.59769399999999,36.571293,0</coordinates>
				</Point>
			</Placemark>
			<Placemark>
				<styleUrl>#pointStyleMap14</styleUrl>
				<ExtendedData>
					<SchemaData schemaUrl="#S_Chisholm_View_SISDDSDD">
						<SimpleData name="tag"></SimpleData>
						<SimpleData name="turbine_id">3040704</SimpleData>
						<SimpleData name="project">Chisholm View</SimpleData>
						<SimpleData name="hub_height__m_">80</SimpleData>
						<SimpleData name="rotor_diameter__m_">82.5</SimpleData>
						<SimpleData name="turbine_model">GE1.68-82.5</SimpleData>
						<SimpleData name="xlong">-97.6656</SimpleData>
						<SimpleData name="ylat">36.5751</SimpleData>
					</SchemaData>
				</ExtendedData>
				<Point>
					<coordinates>-97.66558799999999,36.57509199999998,0</coordinates>
				</Point>
			</Placemark>
			<Placemark>
				<styleUrl>#pointStyleMap14</styleUrl>
				<ExtendedData>
					<SchemaData schemaUrl="#S_Chisholm_View_SISDDSDD">
						<SimpleData name="tag"></SimpleData>
						<SimpleData name="turbine_id">3040708</SimpleData>
						<SimpleData name="project">Chisholm View</SimpleData>
						<SimpleData name="hub_height__m_">80</SimpleData>
						<SimpleData name="rotor_diameter__m_">82.5</SimpleData>
						<SimpleData name="turbine_model">GE1.68-82.5</SimpleData>
						<SimpleData name="xlong">-97.6456</SimpleData>
						<SimpleData name="ylat">36.5738</SimpleData>
					</SchemaData>
				</ExtendedData>
				<Point>
					<coordinates>-97.64559199999998,36.57379499999998,0</coordinates>
				</Point>
			</Placemark>
			<Placemark>
				<styleUrl>#pointStyleMap14</styleUrl>
				<ExtendedData>
					<SchemaData schemaUrl="#S_Chisholm_View_SISDDSDD">
						<SimpleData name="tag"></SimpleData>
						<SimpleData name="turbine_id">3040738</SimpleData>
						<SimpleData name="project">Chisholm View</SimpleData>
						<SimpleData name="hub_height__m_">80</SimpleData>
						<SimpleData name="rotor_diameter__m_">82.5</SimpleData>
						<SimpleData name="turbine_model">GE1.68-82.5</SimpleData>
						<SimpleData name="xlong">-97.7585</SimpleData>
						<SimpleData name="ylat">36.5516</SimpleData>
					</SchemaData>
				</ExtendedData>
				<Point>
					<coordinates>-97.758492,36.55159399999999,0</coordinates>
				</Point>
			</Placemark>
			<Placemark>
				<styleUrl>#pointStyleMap14</styleUrl>
				<ExtendedData>
					<SchemaData schemaUrl="#S_Chisholm_View_SISDDSDD">
						<SimpleData name="tag"></SimpleData>
						<SimpleData name="turbine_id">3040670</SimpleData>
						<SimpleData name="project">Chisholm View</SimpleData>
						<SimpleData name="hub_height__m_">80</SimpleData>
						<SimpleData name="rotor_diameter__m_">82.5</SimpleData>
						<SimpleData name="turbine_model">GE1.68-82.5</SimpleData>
						<SimpleData name="xlong">-97.7352</SimpleData>
						<SimpleData name="ylat">36.5801</SimpleData>
					</SchemaData>
				</ExtendedData>
				<Point>
					<coordinates>-97.73519100000001,36.58009300000002,0</coordinates>
				</Point>
			</Placemark>
			<Placemark>
				<styleUrl>#pointStyleMap14</styleUrl>
				<ExtendedData>
					<SchemaData schemaUrl="#S_Chisholm_View_SISDDSDD">
						<SimpleData name="tag"></SimpleData>
						<SimpleData name="turbine_id">3040657</SimpleData>
						<SimpleData name="project">Chisholm View</SimpleData>
						<SimpleData name="hub_height__m_">80</SimpleData>
						<SimpleData name="rotor_diameter__m_">82.5</SimpleData>
						<SimpleData name="turbine_model">GE1.68-82.5</SimpleData>
						<SimpleData name="xlong">-97.7466</SimpleData>
						<SimpleData name="ylat">36.5945</SimpleData>
					</SchemaData>
				</ExtendedData>
				<Point>
					<coordinates>-97.74659,36.59449399999999,0</coordinates>
				</Point>
			</Placemark>
			<Placemark>
				<styleUrl>#pointStyleMap14</styleUrl>
				<ExtendedData>
					<SchemaData schemaUrl="#S_Chisholm_View_SISDDSDD">
						<SimpleData name="tag"></SimpleData>
						<SimpleData name="turbine_id">3040751</SimpleData>
						<SimpleData name="project">Chisholm View</SimpleData>
						<SimpleData name="hub_height__m_">80</SimpleData>
						<SimpleData name="rotor_diameter__m_">82.5</SimpleData>
						<SimpleData name="turbine_model">GE1.68-82.5</SimpleData>
						<SimpleData name="xlong">-97.7092</SimpleData>
						<SimpleData name="ylat">36.5585</SimpleData>
					</SchemaData>
				</ExtendedData>
				<Point>
					<coordinates>-97.70918999999999,36.558495,0</coordinates>
				</Point>
			</Placemark>
			<Placemark>
				<styleUrl>#pointStyleMap14</styleUrl>
				<ExtendedData>
					<SchemaData schemaUrl="#S_Chisholm_View_SISDDSDD">
						<SimpleData name="tag"></SimpleData>
						<SimpleData name="turbine_id">3044680</SimpleData>
						<SimpleData name="project">Chisholm View</SimpleData>
						<SimpleData name="hub_height__m_">80</SimpleData>
						<SimpleData name="rotor_diameter__m_">82.5</SimpleData>
						<SimpleData name="turbine_model">GE1.68-82.5</SimpleData>
						<SimpleData name="xlong">-97.7814</SimpleData>
						<SimpleData name="ylat">36.5703</SimpleData>
					</SchemaData>
				</ExtendedData>
				<Point>
					<coordinates>-97.781395,36.57029299999999,0</coordinates>
				</Point>
			</Placemark>
			<Placemark>
				<styleUrl>#pointStyleMap14</styleUrl>
				<ExtendedData>
					<SchemaData schemaUrl="#S_Chisholm_View_SISDDSDD">
						<SimpleData name="tag"></SimpleData>
						<SimpleData name="turbine_id">3040719</SimpleData>
						<SimpleData name="project">Chisholm View</SimpleData>
						<SimpleData name="hub_height__m_">80</SimpleData>
						<SimpleData name="rotor_diameter__m_">82.5</SimpleData>
						<SimpleData name="turbine_model">GE1.68-82.5</SimpleData>
						<SimpleData name="xlong">-97.5985</SimpleData>
						<SimpleData name="ylat">36.586</SimpleData>
					</SchemaData>
				</ExtendedData>
				<Point>
					<coordinates>-97.598495,36.58599499999998,0</coordinates>
				</Point>
			</Placemark>
			<Placemark>
				<styleUrl>#pointStyleMap14</styleUrl>
				<ExtendedData>
					<SchemaData schemaUrl="#S_Chisholm_View_SISDDSDD">
						<SimpleData name="tag"></SimpleData>
						<SimpleData name="turbine_id">3040785</SimpleData>
						<SimpleData name="project">Chisholm View</SimpleData>
						<SimpleData name="hub_height__m_">80</SimpleData>
						<SimpleData name="rotor_diameter__m_">82.5</SimpleData>
						<SimpleData name="turbine_model">GE1.68-82.5</SimpleData>
						<SimpleData name="xlong">-97.7763</SimpleData>
						<SimpleData name="ylat">36.5951</SimpleData>
					</SchemaData>
				</ExtendedData>
				<Point>
					<coordinates>-97.776291,36.59509299999999,0</coordinates>
				</Point>
			</Placemark>
			<Placemark>
				<styleUrl>#pointStyleMap14</styleUrl>
				<ExtendedData>
					<SchemaData schemaUrl="#S_Chisholm_View_SISDDSDD">
						<SimpleData name="tag"></SimpleData>
						<SimpleData name="turbine_id">3040703</SimpleData>
						<SimpleData name="project">Chisholm View</SimpleData>
						<SimpleData name="hub_height__m_">80</SimpleData>
						<SimpleData name="rotor_diameter__m_">82.5</SimpleData>
						<SimpleData name="turbine_model">GE1.68-82.5</SimpleData>
						<SimpleData name="xlong">-97.6696</SimpleData>
						<SimpleData name="ylat">36.5736</SimpleData>
					</SchemaData>
				</ExtendedData>
				<Point>
					<coordinates>-97.669594,36.57359300000002,0</coordinates>
				</Point>
			</Placemark>
			<Placemark>
				<styleUrl>#pointStyleMap14</styleUrl>
				<ExtendedData>
					<SchemaData schemaUrl="#S_Chisholm_View_SISDDSDD">
						<SimpleData name="tag"></SimpleData>
						<SimpleData name="turbine_id">3040736</SimpleData>
						<SimpleData name="project">Chisholm View</SimpleData>
						<SimpleData name="hub_height__m_">80</SimpleData>
						<SimpleData name="rotor_diameter__m_">82.5</SimpleData>
						<SimpleData name="turbine_model">GE1.68-82.5</SimpleData>
						<SimpleData name="xlong">-97.7668</SimpleData>
						<SimpleData name="ylat">36.5516</SimpleData>
					</SchemaData>
				</ExtendedData>
				<Point>
					<coordinates>-97.766792,36.55159399999999,0</coordinates>
				</Point>
			</Placemark>
			<Placemark>
				<styleUrl>#pointStyleMap14</styleUrl>
				<ExtendedData>
					<SchemaData schemaUrl="#S_Chisholm_View_SISDDSDD">
						<SimpleData name="tag"></SimpleData>
						<SimpleData name="turbine_id">3040705</SimpleData>
						<SimpleData name="project">Chisholm View</SimpleData>
						<SimpleData name="hub_height__m_">80</SimpleData>
						<SimpleData name="rotor_diameter__m_">82.5</SimpleData>
						<SimpleData name="turbine_model">GE1.68-82.5</SimpleData>
						<SimpleData name="xlong">-97.6612</SimpleData>
						<SimpleData name="ylat">36.5759</SimpleData>
					</SchemaData>
				</ExtendedData>
				<Point>
					<coordinates>-97.66119399999999,36.57589299999999,0</coordinates>
				</Point>
			</Placemark>
		</Folder>
	</Document>
</Folder>
</kml>
